type,members
2,200630
1,793665
1,114262
1,93351
1,425855
3,80679
2,72534
1,456749
2,102733
1,336376
1,572888
1,179342
2,466254
1,416397
1,75894
2,226193
1,715151
1,157670
3,129307
1,486824
1,552458
2,339556
2,240297
1,205959
1,101351
1,300030
1,562962
1,268487
1,38865
1,88995
2,32266
1,98431
2,333186
1,340973
2,34347
1,247562
1,133620
1,1013917
3,16947
1,176475
1,284498
1,66756
2,111074
1,102322
1,97187
6,49036
1,402381
1,122531
1,56162
3,33422
1,139474
1,355839
2,82253
1,114173
1,463835
1,184525
2,197439
1,348951
1,103178
2,11104
1,93657
2,51185
3,297454
1,425457
1,71295
1,72958
2,80825
2,174878
1,243325
1,28653
1,504862
1,113993
1,74074
2,95658
1,31234
1,82570
1,194855
2,25641
1,193716
1,197256
1,363215
6,34011
1,896229
1,151561
1,53108
2,28864
2,182224
1,288376
3,44223
1,86074
1,453630
1,190197
1,462974
1,254436
1,509109
1,225927
1,38531
1,245026
2,135735
3,13405
1,390076
1,185015
1,207241
2,85361
1,24788
1,88850
1,146895
1,6259
1,166255
1,299434
1,146592
2,271484
1,194491
2,143273
1,602291
1,15074
1,195017
1,102822
1,338315
1,157025
1,210491
3,92543
1,205987
1,36751
2,99579
2,215630
1,633817
2,289206
3,57963
1,107855
1,218928
2,125503
2,28462
1,267484
1,41061
3,15420
1,331627
1,210736
2,85020
1,218101
3,53168
3,55787
3,67261
1,30689
1,83056
1,148328
1,226430
2,137636
1,29528
3,42076
3,28302
1,291228
1,32188
1,380375
1,717796
1,482268
1,83641
6,47840
2,76051
1,422271
2,21798
1,556431
1,67697
1,105044
4,71136
2,151061
6,27213
1,61493
1,99128
2,45547
1,258103
1,122895
1,334932
1,282002
1,67032
1,71820
3,12282
3,27532
1,101027
1,246899
1,258914
2,189741
1,28002
2,53590
6,31856
2,223036
2,115252
6,22900
2,58492
1,74941
2,65594
1,383914
1,600384
1,98996
3,57029
2,109392
1,158561
2,6229
1,375662
6,106382
2,59652
2,94435
1,224947
1,461946
2,18642
2,89424
1,283069
3,36353
6,14002
2,88164
1,69253
1,222994
3,35120
1,39596
1,203233
1,566690
1,142612
2,223359
6,100412
2,20602
1,55566
1,19702
1,56927
6,17247
1,47092
2,60637
3,40623
1,91796
1,134818
1,50778
1,103828
2,152331
1,70822
6,24707
1,60988
1,60918
2,45189
3,104893
5,99074
2,66376
1,391628
3,23701
1,342893
1,440334
1,114702
2,25432
1,81384
1,255076
1,47716
1,120089
1,22079
1,64230
1,129112
3,5001
1,292622
1,41584
1,87617
2,75359
1,54211
1,108053
1,317513
1,120351
1,202249
3,40355
1,106888
1,216674
2,23130
1,115295
6,36091
1,17038
1,232113
6,20157
1,68128
1,508118
1,235003
2,117565
1,73218
2,89749
3,40420
1,15442
1,584590
6,55247
1,73480
1,77464
2,72933
2,21789
2,194561
1,171086
2,11808
2,108720
1,86972
1,260062
1,111009
1,312654
6,9500
1,36251
1,334399
3,8621
6,13764
2,32732
1,21210
1,22190
1,23160
2,23045
2,95241
1,76860
1,239570
6,21435
6,14728
3,5959
1,69000
1,309339
6,106989
1,121349
1,181249
1,103657
1,116261
1,130646
1,27893
2,38118
3,43372
3,35225
1,80763
1,332562
2,12151
3,77111
1,359494
1,372246
4,31464
1,163171
1,171866
1,515378
2,13359
3,40401
1,259900
6,11961
2,26799
2,25461
1,316102
1,6321
1,39866
1,66646
2,9943
1,15557
3,33862
1,159105
2,72708
1,137105
1,12833
1,91138
2,215897
1,189407
6,7923
2,24310
3,7954
1,75612
2,163308
3,21020
1,93095
1,94820
1,80862
6,160423
1,10575
1,26711
1,246276
1,387100
2,13454
1,39832
3,20629
2,17165
2,20989
6,29331
1,5063
1,189641
2,41168
3,34177
2,6645
1,43916
1,51382
2,12353
1,8199
1,132506
1,151106
2,51789
6,16614
1,5308
1,45825
1,194300
3,58075
2,5712
1,353876
6,67962
1,124886
1,44564
1,49599
1,200833
2,3187
2,46018
5,13935
1,150872
2,324035
6,29969
3,7712
1,10649
2,97910
3,49454
1,101335
2,66721
6,136135
5,3846
2,15069
6,13901
3,26036
3,72021
3,23192
1,88986
1,41521
2,19240
6,30516
3,25170
3,21186
1,83648
1,59374
1,111962
1,79816
1,117910
1,156689
3,11342
1,580184
2,68181
1,120731
6,41760
1,44157
1,657190
3,6554
1,4584
1,36941
1,618056
6,36351
1,36921
1,170901
2,63263
3,9649
3,9807
3,305165
1,155340
1,424919
1,91864
2,17826
3,52351
1,173264
1,50951
1,178553
3,28220
1,428569
2,8505
3,113040
6,70039
1,42253
2,103600
2,10021
1,133475
3,26361
1,50876
1,217752
2,95690
6,103105
1,81951
2,20433
1,244268
1,87643
1,5306
2,41547
1,44335
2,74690
2,50689
1,11903
1,265005
1,150393
1,409037
1,134694
1,276593
1,6528
1,244877
2,74028
1,28959
1,227734
1,70559
1,174531
3,31973
1,74040
1,8353
6,138364
2,9492
2,114415
1,95551
6,27274
1,67254
3,24167
1,48127
3,71976
1,72499
3,48432
1,42666
1,38102
1,15748
1,283847
3,5843
1,44668
1,55402
1,19963
2,26284
6,52672
3,12283
6,8644
3,9268
3,38678
2,111703
3,12394
5,14419
4,11663
1,52586
2,41598
2,34630
1,12590
1,40271
1,9605
1,215829
1,251093
2,3811
1,183722
2,28947
2,21729
1,31606
5,34960
2,39374
6,10778
2,92499
1,78600
1,91075
1,244314
1,153501
1,126426
1,95825
1,22214
6,20477
1,19510
1,16938
2,1528
1,11779
1,19841
3,81137
3,21240
2,30814
1,13888
3,51724
2,10244
1,64897
1,59818
2,40053
3,23204
3,40358
1,137610
1,8655
1,60525
1,7872
1,12236
1,10031
1,624055
1,394399
1,6723
1,65503
6,6515
3,7757
1,116832
5,64416
3,8847
1,284846
1,67732
1,43545
1,86475
1,213493
2,94677
1,165008
1,57665
1,7761
1,172367
2,68229
3,28339
2,42653
6,49891
2,20347
2,19290
2,138659
1,150596
2,12076
6,8734
2,98549
1,104193
6,26709
2,35711
1,533578
6,85947
1,83097
3,22704
1,59492
1,140604
1,157551
1,102857
2,140277
2,85714
2,13094
3,30063
3,6073
1,31632
1,10873
2,20637
1,96973
6,23388
1,86380
6,4975
1,40819
6,37657
1,32742
6,22487
2,6540
2,5431
3,29398
1,583823
1,316853
6,2493
2,7515
1,273191
2,16474
1,67323
1,89373
2,53024
3,84833
2,7695
1,229567
6,9695
2,77103
1,9711
1,310137
2,26746
2,5939
3,3205
2,2833
1,347599
3,18575
1,193566
1,93074
2,11458
1,159793
2,2963
1,12672
1,28341
1,37051
1,19180
6,7999
1,4479
1,82625
2,4641
1,6473
1,36228
1,227417
1,66911
1,182208
6,8809
1,12825
1,281632
6,16373
2,51079
6,50496
2,103975
6,15220
1,51566
2,11343
3,104775
3,63265
2,5663
1,92088
1,534657
5,7999
2,105183
1,152811
1,117091
3,14414
1,336349
6,22774
6,14348
6,70787
1,58150
1,359011
2,32756
1,11424
6,5973
3,121063
2,3089
2,85013
1,60027
2,61020
1,83343
1,213342
1,266657
5,1043
2,62464
1,386048
2,23453
1,305837
1,86001
3,28485
2,24278
1,105212
3,16804
1,118341
1,73476
2,70391
1,9008
1,16591
1,231079
1,14869
1,5600
2,44900
1,4739
2,14938
1,55825
2,10115
3,20263
6,20397
6,8911
3,9729
3,11401
6,21489
6,75502
1,18580
1,146697
1,123529
1,80394
6,4069
1,623511
6,21164
1,1757
3,68623
1,86196
3,12413
1,14983
3,22609
1,218231
3,37540
3,94839
1,91530
3,40868
2,3304
2,22279
1,492133
1,22302
3,5606
6,88699
2,12963
3,14725
1,47619
6,32215
2,38643
2,87369
1,190058
3,11044
1,98544
1,6919
1,184520
1,90625
2,8838
6,19586
1,301282
1,130689
3,83421
3,15085
2,15508
2,11957
2,45568
6,44388
1,26379
1,169517
1,893100
1,29622
1,16530
1,81408
5,79026
2,39077
6,43673
1,33466
6,10720
1,114904
6,83795
1,4734
3,23138
2,8405
1,26468
3,9487
3,19044
1,135929
3,57166
1,189367
1,20397
1,12673
2,37078
1,23877
1,256325
1,460959
2,76286
1,56839
1,58993
2,178880
2,4368
3,46823
3,19317
1,22796
1,105471
1,683297
1,91932
3,41368
3,38691
3,67684
1,208321
1,140865
6,35956
1,242553
1,52995
2,10558
1,53426
5,1119
1,7515
1,99462
1,83437
6,3735
1,73909
1,171384
2,2813
6,139013
1,76913
2,58184
2,2688
3,85409
1,8999
2,20059
3,12790
6,46803
1,172415
2,3479
1,25167
1,13832
1,4838
3,9936
1,81037
1,184525
2,30524
2,28857
2,18624
1,160972
3,20749
2,33682
3,23285
6,51688
1,145102
2,87062
3,7576
1,180032
6,42344
1,31394
2,30519
1,122976
6,11922
1,165358
1,28007
3,41701
1,188685
3,11084
1,72645
2,7856
1,173603
3,15837
1,95859
1,23020
1,91034
3,40176
1,6063
2,30684
1,61622
1,46333
2,8534
5,45632
3,7087
3,3620
2,37792
2,18267
1,143701
3,25902
1,349836
1,174026
3,46864
2,29394
6,20622
1,187805
2,8600
1,14233
1,104258
2,7237
3,16143
1,49771
5,144898
1,136279
1,34373
1,285317
1,42730
1,9610
1,168017
2,39946
1,77591
1,70987
2,18545
1,20056
2,94074
1,154548
6,4172
6,46276
1,5098
1,130085
2,54854
1,38765
2,24735
6,19211
3,14775
3,26785
1,3725
6,17443
2,26958
1,81155
1,2839
6,11149
1,106872
1,1780
1,73305
1,15552
2,56327
6,3603
2,186465
3,35493
2,50812
2,3309
2,101734
1,13469
3,11015
1,220573
3,23631
1,35442
1,137687
2,4344
1,56244
2,19928
1,42798
1,297058
1,6787
1,5424
1,54790
2,23340
1,26267
3,7376
2,1317
1,40945
1,73536
1,297051
5,19991
1,61884
6,60899
1,2681
1,56483
3,30887
1,133010
1,10688
1,2577
1,235684
2,14896
6,7174
2,56994
6,13126
3,1070
6,781
1,42677
2,93803
1,46781
1,16130
1,11684
3,6238
5,28864
2,18469
6,5400
3,25154
2,18060
2,2783
5,2480
6,18465
1,162622
1,146521
2,135318
6,31262
1,42033
1,140094
1,31179
1,36947
3,2152
1,192171
2,4535
1,1707
3,135604
6,14703
2,11745
5,8554
3,6005
1,217617
1,33321
1,233410
2,54873
1,90931
1,169718
1,53577
1,214319
2,77560
2,6498
3,1113
2,24880
1,398660
6,4714
1,7988
3,18351
1,139601
1,130502
1,16012
5,2673
1,155281
1,133216
6,10227
3,7064
2,31990
2,23856
1,79166
1,50236
2,4415
3,18400
1,148140
1,42026
1,16990
1,194611
1,8586
1,87824
1,65125
6,3150
1,216204
2,51354
1,63134
2,7573
6,53706
2,12867
1,83397
3,23568
1,44465
3,17226
1,155795
2,7834
2,4467
1,313114
1,82568
1,61919
3,15613
1,217003
1,13742
1,98144
6,16868
1,329561
6,17166
3,9248
3,15616
1,13959
1,134942
1,227681
2,22599
6,2832
3,6460
1,17773
1,265791
2,19872
1,178166
3,19620
3,4788
1,4110
2,55697
1,197912
1,295782
6,11354
1,30630
1,171452
1,5652
1,134705
1,244193
2,122373
2,91105
3,7726
2,2119
2,58274
6,16171
1,104275
1,62530
1,94165
2,2430
1,51403
1,215817
6,5508
3,6768
5,101495
1,1718
2,100089
1,20553
2,7992
3,14036
2,12262
1,33885
1,4381
2,29330
1,127973
3,6645
6,87609
6,2718
1,94391
2,1583
1,95933
1,24229
3,22497
1,8908
2,6953
2,8698
1,45233
6,5524
1,21009
3,25169
2,29771
1,315630
6,6929
2,33191
1,20640
6,16986
1,55056
4,13985
3,8974
3,1040
2,31747
3,7791
1,308995
1,11090
6,17378
1,8794
3,54828
1,138655
1,24745
2,39589
1,47053
3,33668
6,9669
1,170754
2,19053
1,57638
1,42147
1,95339
6,134180
1,29485
2,4614
3,13633
1,2723
1,2526
1,45246
2,40698
1,66972
1,2409
1,1744
1,218747
6,9163
2,4199
3,61903
5,70416
1,3461
1,6437
1,324284
6,26246
2,24968
6,18604
1,222243
1,57649
2,65953
2,66471
1,30457
1,6806
1,1938
1,33295
6,13334
2,50008
2,5470
2,44030
1,36338
2,75660
1,54000
1,45613
3,24456
1,3735
6,16491
3,26679
3,13790
1,1116
1,346828
6,19257
1,73813
1,34938
1,80307
2,60753
3,13918
1,8131
1,18687
3,3542
1,3085
1,19209
3,3952
1,134988
5,38303
2,2842
1,4151
1,113911
1,30726
6,7011
1,121108
4,8731
3,2470
3,80676
1,58245
1,17571
1,9460
2,134739
1,208885
6,72085
6,2506
2,18847
1,28620
1,805
2,19565
1,82999
2,6517
1,6036
6,6978
1,27976
4,13661
4,5660
3,8326
1,61957
6,26501
1,9431
2,6162
1,228435
1,74991
6,6752
1,95242
3,20261
3,3208
1,84390
1,107325
1,15077
1,38882
1,210891
2,3433
2,21622
2,3368
2,45069
1,2980
3,4253
6,12153
1,33086
6,17967
3,14845
1,76492
1,133385
2,14779
1,22714
3,12418
6,17153
6,5005
1,2629
4,7743
2,46678
1,78469
2,22219
1,60384
1,12156
1,1826
3,33816
1,63959
2,11943
2,151598
2,24523
1,11893
6,31808
6,23038
1,374880
2,110983
1,1169
5,15872
1,55252
3,23465
1,1377
1,1825
6,13342
1,8546
1,157223
1,325664
1,266846
1,103615
2,28138
3,7187
2,1970
1,61017
1,90612
1,68198
3,73826
2,20459
3,21534
3,65287
3,17667
1,38532
1,128688
1,55970
1,93940
2,1910
1,10369
1,45843
1,132099
6,10069
3,22955
6,39137
6,2956
2,48673
2,2262
1,29952
1,7279
3,8070
4,9881
3,99463
6,14891
2,2048
2,11325
2,1113
5,16942
2,29969
1,11233
1,24664
1,16484
1,2740
6,38176
3,35634
1,50384
3,37609
1,2587
1,51004
1,8630
1,37763
1,84708
1,241513
2,25484
3,2881
2,39669
1,122271
3,68328
2,41051
6,9125
3,19464
6,25423
1,192433
1,106865
2,513
1,158041
2,4278
1,51084
6,52752
1,8142
1,234955
3,28462
6,2871
6,6085
1,1846
3,16102
1,9767
3,21306
1,179569
1,66751
3,13456
1,65516
6,10903
6,14248
1,118644
1,39041
1,125051
1,3201
1,15661
6,7542
1,301358
2,1651
2,50607
3,51844
1,2707
1,3589
2,4907
3,11468
3,44108
1,2123
6,4786
1,8030
1,16298
1,50091
1,36781
1,10901
1,38372
6,71433
1,36264
1,10058
1,6937
2,1396
6,19565
1,17946
6,51072
3,85492
1,122031
1,34141
1,192219
2,84527
2,4413
3,44030
1,222657
1,193822
1,4777
2,33550
2,20132
3,38197
1,84499
1,61551
1,198492
1,8040
1,6871
2,10263
3,10795
1,150512
1,2411
2,13412
3,1116
2,21648
1,4218
2,29029
1,31081
3,53463
2,9404
1,59099
1,62582
3,13248
1,81154
1,57920
1,5971
1,21109
6,11268
1,131520
2,10757
1,30722
2,12418
6,12097
1,54575
1,110470
1,42918
1,20508
1,5387
6,23484
2,14318
1,408357
1,59192
2,11377
1,104607
2,2969
3,4596
3,5985
2,1321
1,64214
1,42998
1,2214
3,9358
1,30747
1,33053
2,4886
6,5072
6,5554
3,114217
1,2758
1,24156
1,97674
2,465
6,9173
1,4740
1,1518
1,2151
3,8557
3,79923
1,13582
1,40779
1,11413
3,86261
1,44394
2,545
1,3560
1,186187
1,1397
2,87944
1,210752
6,10757
1,7582
2,4910
6,2505
6,17770
1,6197
1,205338
1,3676
1,69088
1,6883
2,23866
2,5641
1,96092
2,83515
1,180686
6,19570
6,9777
2,9597
6,16933
6,2216
3,19219
2,11368
3,6166
6,29923
1,146570
1,298550
1,73285
1,9366
6,34230
2,6392
1,2881
3,24876
1,79493
3,3213
3,11171
2,3109
1,5746
6,16495
1,321477
6,32103
1,369
1,19010
1,99665
1,56815
3,53129
3,2049
6,9482
3,11203
6,2770
3,8812
2,2647
1,957
1,15471
1,2849
3,10737
1,3334
1,188861
1,7581
6,14893
2,1478
1,453454
2,6442
1,29837
1,83838
1,22009
2,1356
1,9053
5,2696
1,38652
3,15363
2,2941
1,58211
3,17204
2,4383
1,33989
3,11817
1,73903
1,22229
5,41169
6,4955
6,11797
3,4603
1,31906
1,3057
6,7170
2,1034
2,4749
2,3088
3,6352
1,27614
6,29514
2,28365
1,75807
3,28116
3,5369
2,1269
2,787
1,56859
1,5894
1,107513
1,41220
6,16648
1,63915
2,9766
2,36986
3,91154
1,164510
3,24523
6,8011
1,6033
1,1370
6,3134
4,3010
3,4681
6,7714
3,15050
3,20238
1,40155
1,5374
1,145439
2,1570
2,14249
3,1313
1,78952
2,8750
3,12820
3,3499
1,74901
6,24618
3,20774
6,6581
1,8713
3,22065
1,20644
1,25876
2,35058
2,51064
2,20410
3,1459
2,1272
2,1204
3,48041
1,44786
1,13584
1,69621
1,201735
1,535892
6,28216
1,17463
3,5091
1,3985
1,680
3,8516
6,7118
3,34568
2,33028
2,78876
6,3315
1,68951
6,4527
1,67306
1,25750
1,17466
2,43962
2,2123
2,8266
1,64627
3,20151
6,13903
6,855
3,12872
1,96694
1,40481
1,61649
6,12317
6,3174
1,19746
1,50019
1,7004
3,44313
1,5074
1,35196
1,56353
3,2178
1,40243
1,54796
3,41436
1,1316
6,7418
3,3662
1,11939
2,3606
1,16764
1,87938
1,12088
3,19592
3,19904
6,2975
1,52784
1,17561
6,4031
2,4199
1,46709
1,1805
1,1501
5,1227
2,40812
1,72790
1,2225
2,2210
2,4009
1,50351
1,16381
6,9834
3,7981
1,320267
1,5636
1,156853
2,835
3,10130
1,63193
6,26382
1,6244
3,26587
6,45137
1,164445
3,9580
1,107384
1,86942
2,35357
2,31909
6,19649
1,35258
1,46117
3,2861
1,11882
1,231387
3,29176
6,26647
1,80960
6,6649
1,113791
6,33597
6,59755
1,46601
1,8024
3,8548
2,1189
2,1034
6,13745
1,1700
2,7755
1,84442
3,21413
3,26535
3,68823
1,57434
1,94202
3,9335
1,47651
4,1683
2,12877
1,52817
2,108170
2,97818
6,17175
1,194791
2,3648
3,8561
1,35123
1,229157
3,7213
6,6677
1,30363
3,13842
1,51114
6,5533
1,1833
1,4914
1,854
1,208796
2,2063
1,55040
6,29382
2,10737
2,2634
2,9045
6,16101
1,12505
1,1625
2,1581
2,1817
2,754
1,55536
2,34263
2,8349
1,11761
6,5950
3,57797
6,23498
1,8128
6,23937
1,25098
1,28968
6,7799
3,32134
3,35583
1,29878
1,20424
2,8849
2,11705
6,2439
2,12755
2,12909
2,4029
1,12248
1,21972
2,2319
6,51816
1,126083
3,34590
1,135708
1,27571
6,2177
2,980
6,34723
2,1240
2,1973
1,11907
1,23220
1,133571
1,68382
1,6863
1,44766
6,41241
1,90379
1,78131
2,4425
6,3659
1,1123
1,50837
2,37069
1,66036
3,4225
1,32696
5,83977
1,11411
2,2957
2,1302
6,3263
1,80964
2,12760
1,9852
3,2565
3,12242
6,2602
6,19758
1,123217
1,9075
3,16067
2,704
2,31961
6,4799
2,1773
1,111443
6,29030
2,4019
2,3607
1,47882
3,6348
1,14911
1,36924
1,5423
3,44450
1,971
1,30098
1,99788
3,20660
1,1962
2,46887
2,517
2,2562
3,11554
1,182713
6,26719
3,9847
3,12944
2,32660
1,14304
1,286826
1,64697
4,6807
1,19132
2,44179
3,4238
2,1342
2,1277
6,723
1,46237
1,42499
6,24987
2,18612
2,10660
3,2095
1,4450
1,3685
1,1155
2,44589
1,9994
1,253027
6,12446
1,136751
1,181845
1,142264
3,2167
2,13073
3,3676
1,3420
1,8862
6,36573
6,12148
2,16046
3,6870
6,1628
2,33633
1,47752
1,5465
1,9550
1,38310
1,38336
6,9418
6,28557
1,30323
2,6404
2,1139
3,7627
1,19315
1,45921
1,26617
1,675
1,12337
2,4018
1,1096
1,8221
1,145982
2,9461
5,12489
3,2242
1,32835
1,22358
3,41898
1,71502
1,17943
1,27516
1,36187
1,16736
1,4031
3,15425
1,9559
3,31010
6,15135
1,13927
1,1113
1,3363
1,20581
3,10294
1,120268
2,1833
3,13508
6,2574
1,5046
1,4636
6,14240
6,6548
6,40548
6,18288
6,75439
3,10375
6,555
6,6522
2,1577
1,108642
6,21564
3,2216
2,5705
3,37342
6,18307
6,14497
1,23679
1,71172
1,66084
2,34272
1,105723
1,12757
5,23937
3,12389
3,26163
3,17268
1,151928
2,56370
1,3607
1,14867
1,1880
2,51083
1,2348
3,33381
1,52569
1,108174
4,2762
1,123691
2,5492
1,20883
3,61154
3,14615
1,1615
1,129672
1,65896
1,40958
6,5914
6,11400
1,7314
3,27802
1,35520
2,16442
1,64905
3,7609
3,4277
2,9638
4,7612
6,31019
6,30342
1,36623
2,99506
1,126914
1,130028
1,69683
1,1548
2,37633
1,801
1,1794
1,66236
6,1194
1,3623
1,14932
1,46323
6,3069
2,6326
1,80820
6,12922
2,22157
1,99558
6,8478
6,22823
6,2978
5,5359
6,9065
3,51997
6,4258
1,81230
1,5962
1,64161
1,537892
1,128529
3,5053
1,55851
6,20543
6,21212
1,84779
1,1897
2,1191
2,849
6,116129
1,8717
6,18894
1,1917
6,5870
1,10727
1,33112
1,144370
2,3174
1,41250
6,1353
6,3138
1,30308
1,836
1,1218
4,6939
6,19967
2,23772
3,10147
2,23915
1,21920
1,2764
2,5472
1,27358
3,42831
1,237563
1,126865
2,13775
2,4311
5,11936
6,17764
6,13993
5,15565
2,37925
6,14158
4,2919
1,149497
2,1168
2,1176
2,2139
2,26104
5,10531
1,21805
1,91049
2,3239
1,106142
2,3189
3,25799
3,125614
3,22431
6,2950
2,6491
6,3085
6,4680
2,2108
1,36075
3,5006
4,5729
2,37792
2,5765
1,5758
1,76880
1,101326
2,524
2,1678
6,34305
1,37394
1,16720
1,10568
1,2568
1,53360
2,22537
2,11617
3,61198
1,62753
2,1540
6,7962
5,60139
1,3782
2,1156
1,31874
1,811
1,2387
1,101287
2,8569
3,1248
6,46415
1,18480
5,37500
1,64307
1,61410
1,39758
3,20256
6,20616
3,6090
3,21824
2,4296
4,6713
3,17967
1,7878
2,10373
1,156116
1,64958
2,42389
3,7289
6,5324
6,9553
2,13008
3,1895
6,472
1,25760
3,9893
1,42139
3,48728
6,17401
3,8252
3,3223
6,18178
1,7484
1,1329
6,11459
1,5243
1,96718
1,30766
6,40858
5,740
6,2694
1,835
1,1711
1,591
1,1828
6,4495
1,6670
1,58051
2,1705
1,158772
1,50455
1,43632
3,13970
1,23132
2,2535
1,2102
1,1135
1,2088
1,2578
4,1471
1,38498
1,25885
6,1675
1,38646
2,9328
3,1426
5,1276
1,91552
1,22991
1,21393
1,20105
1,77284
2,1963
6,16654
1,21125
4,2945
2,9447
1,5134
1,11941
2,5223
1,20062
2,3818
1,6390
6,19772
1,97674
1,43279
6,15333
6,1707
4,40641
3,7254
1,44006
2,1640
3,11482
1,3682
2,12449
2,1124
2,2861
1,6616
1,87240
1,5947
2,1201
1,26176
1,4247
2,2858
1,75460
6,45718
3,11902
2,786
1,72750
1,90977
6,3242
1,36656
1,8760
1,45161
2,2037
1,9025
2,15421
3,35730
3,13738
1,257925
1,3619
1,89243
6,5984
6,35230
1,68626
2,23592
2,40717
1,61228
1,5330
1,100392
3,8892
2,45084
2,2814
1,65402
5,1072
1,4157
1,156627
6,3183
1,114612
1,2033
3,1843
2,44787
1,3945
6,22414
2,3046
5,11992
2,7034
1,10449
3,9957
3,26234
1,243448
1,5332
3,18866
1,3038
6,18651
6,7014
1,47280
1,1763
3,8970
3,1885
2,1342
2,408
5,11981
1,2640
1,165335
1,5118
1,987
3,15176
3,14622
1,32828
1,41960
1,5646
1,13265
1,4420
6,35243
1,1093
6,8347
1,20859
6,2338
2,5772
1,6037
2,30378
6,12779
2,406
1,1188
1,1199
1,24799
6,2444
2,10233
4,22213
3,21616
3,46837
2,3077
6,1848
1,3382
2,1028
1,12014
6,43615
1,2631
6,3817
3,1180
1,13346
2,1479
1,800
2,1181
6,10516
6,21002
6,10824
3,14863
6,943
1,67916
3,22648
1,64975
2,22973
3,6001
2,1406
1,25814
6,24379
1,15519
6,7945
3,4460
2,7787
1,29989
6,13014
1,1260
5,9208
1,4006
1,801
6,13238
6,10434
1,5743
1,3100
2,42377
1,37944
3,59965
1,24821
6,22926
1,74929
2,1075
2,1327
1,1238
2,32514
1,5384
6,21388
1,156044
1,154595
2,1771
1,2655
3,11320
3,3303
5,17584
1,16288
6,3456
5,26147
1,16251
1,1270
3,12554
2,46455
1,910
1,3368
1,23931
4,1544
1,3921
1,4161
2,1824
1,15236
6,13494
6,19488
1,2692
6,25383
1,17943
4,18991
1,66597
3,130665
1,699
6,3310
3,14079
2,59207
3,18795
1,3108
6,4800
2,38670
1,11386
3,3118
2,3630
3,8873
1,21550
1,12687
1,16571
6,3547
1,746
1,48245
4,1242
1,366
1,16331
1,203958
1,7977
1,53375
2,1200
1,923
2,18000
1,887
1,6108
2,16702
6,7292
1,16116
2,1125
1,3625
2,26543
3,2783
2,864
1,12825
1,33429
2,405
6,13053
3,20376
1,15420
3,2341
5,15203
6,5965
1,28423
3,23883
2,2657
3,6086
2,14420
1,34177
1,74331
3,13671
1,86669
1,2378
2,8048
6,6765
5,28097
6,10441
1,418
5,19762
2,3344
5,31544
2,1122
1,9131
6,3518
1,4427
3,20337
2,470
1,83438
1,1124
1,12409
1,1232
3,13885
3,1996
1,27169
6,4083
6,4855
6,27261
3,13855
1,106381
1,22770
2,9611
2,49553
6,78111
1,4838
2,1517
1,97809
6,3261
2,25245
1,203618
6,9610
3,10208
1,102560
3,8690
2,3466
3,9866
6,4249
1,16922
2,1060
1,110042
1,198876
3,7843
1,1570
1,55531
1,44009
3,13563
3,7935
2,2530
3,12239
1,34297
3,4630
2,10523
4,2066
6,1513
1,33275
1,11015
6,9429
1,689
3,1659
3,14930
1,570
4,10426
1,121005
2,1059
2,896
6,873
1,159273
2,601
2,3718
6,15228
1,1527
1,6659
3,4876
6,2482
1,59819
3,21717
3,3636
2,925
1,12975
2,20054
1,67386
1,1065
1,30153
1,108011
1,46647
2,3586
3,18528
1,33042
6,11241
1,24691
1,2297
2,20172
1,20079
1,14955
3,7171
2,3227
2,37379
3,3284
2,7179
6,8937
3,14585
3,1158
6,1163
1,5827
1,7112
1,85554
1,12095
1,8362
1,57325
1,19222
1,119572
6,32430
6,3692
2,2005
1,11002
1,2228
1,48549
6,22182
2,9186
1,192719
5,29445
1,4361
1,3188
2,672
1,558
3,23370
3,14351
2,59243
5,21190
2,1332
1,14550
1,6118
3,3713
1,7893
2,1641
3,2398
3,5553
1,5991
1,5112
1,104663
1,19311
2,1804
1,1941
1,2255
1,37570
2,36558
1,42190
2,5158
5,295
1,39806
1,67877
3,2339
6,2641
1,28652
6,3626
3,29039
6,4257
2,2579
1,27997
1,1021
1,4485
1,32040
1,7563
6,20337
2,1617
1,10636
1,3417
1,869
2,13115
6,22155
1,1414
1,63418
6,3493
1,25995
2,3433
6,4236
1,46024
2,120571
1,137102
3,1057
6,1509
6,10194
1,32061
1,8964
3,1761
1,14925
1,2856
6,1536
1,1650
2,2897
2,2555
2,23422
1,35461
1,3605
3,29487
1,16909
1,1876
1,1363
1,615
1,55977
1,889
2,14037
3,2038
1,13581
1,790
3,2557
1,1300
6,8025
1,13681
6,15097
2,6970
1,16111
1,44825
2,13657
6,3057
6,2685
3,6941
1,14073
2,917
6,9594
1,16604
2,4545
1,3633
6,14917
1,47157
1,49508
2,73253
5,3675
1,38778
1,7680
1,93000
2,10524
3,10378
3,6547
1,97401
1,65021
1,21937
1,38495
3,33466
6,3276
3,7691
1,14002
2,15718
1,6342
1,44874
3,2432
3,39779
1,149364
1,1337
2,5078
1,71901
2,2073
1,23364
6,1202
1,166398
2,645
2,12051
1,2104
1,8004
1,24044
1,2587
3,6006
3,11116
6,6604
1,88500
6,683
3,1458
4,699
1,2424
1,45778
3,17815
1,6903
3,9358
3,13795
1,124448
1,13089
1,432
1,25707
3,1590
1,96159
1,2322
1,4675
2,3560
2,1835
1,110304
3,3963
1,22433
1,3694
1,2121
2,2336
1,3496
3,4947
3,5858
2,52690
6,25251
1,168657
1,17601
2,9255
2,3701
3,28626
1,1034
1,27761
1,47665
1,1386
1,28616
6,4609
3,39377
1,2702
1,966
1,472
3,22614
1,567
6,38638
1,299278
1,3510
6,4046
1,95964
6,14807
6,20942
3,8892
1,40581
1,15194
1,1837
6,322
6,2208
1,1248
1,5457
3,15785
2,1323
1,171888
6,4415
1,5158
1,63348
3,57466
1,9961
3,11019
1,30148
6,19538
1,36517
1,1049
2,1995
6,3010
6,2077
3,5769
2,8894
1,93293
1,74026
1,17115
1,13444
6,4650
1,3875
1,883
3,15958
2,880
6,23194
3,126699
1,310
3,78878
1,876
3,4122
3,22015
6,1199
1,9258
3,18254
1,254543
3,56577
6,7362
1,1178
1,1895
3,7171
1,729
3,1120
3,7862
1,8722
2,3523
3,17022
1,1228
3,10122
6,3323
2,3108
1,73126
6,9558
1,1355
3,17871
6,3326
1,686
1,2188
6,28941
1,45873
2,401
3,18659
1,10591
1,8735
2,54947
5,14786
6,3444
1,35072
6,8792
6,806
1,3627
5,1762
6,2819
6,2083
1,76253
2,826
1,956
1,32296
3,8682
2,25174
1,1335
1,17273
1,3224
4,4014
1,172321
1,128869
6,1433
2,4812
2,1468
6,5052
6,32949
1,1009
2,1609
3,4764
3,15114
6,35513
6,33004
1,5517
1,41021
2,12676
6,729
1,9289
1,79298
3,51604
1,4802
6,4371
3,12732
1,9293
6,1672
1,784
1,2090
6,11447
1,10591
2,45203
4,3826
3,1775
1,90713
1,9704
1,103449
2,332
1,6249
1,34732
2,6042
3,9823
6,1952
6,3902
6,29986
3,2843
3,2155
3,19555
1,49219
1,1167
2,25740
2,55789
6,6311
1,6820
6,1205
1,2072
1,159899
6,15055
4,1626
3,20605
1,736
3,13397
1,5881
1,1880
3,7949
1,5936
1,215361
3,8228
6,7452
4,1395
1,30225
2,4969
1,29401
6,1331
1,913
1,11143
6,34903
1,3847
2,809
1,4865
1,17574
2,2874
4,13361
6,6651
6,4385
2,560
1,3945
2,3159
1,987
5,43338
1,5900
2,6524
6,2188
1,895
3,21043
6,8630
6,9949
6,2601
1,296
2,1932
3,27030
1,52145
6,3006
6,5123
1,16047
2,1747
2,926
6,2233
1,21032
3,2447
3,1876
1,31385
6,7082
2,1109
2,2553
6,1843
1,89183
1,22292
1,198991
1,55444
5,987
1,3060
6,19277
2,1999
2,1346
3,15280
1,14582
1,1656
1,2938
6,3121
1,737
3,3569
6,313
6,9144
3,1509
6,4623
3,5616
6,4783
6,6273
6,25625
1,1363
2,8217
1,589
1,2822
1,1920
2,1850
3,1588
3,18305
1,486
1,11293
1,115338
1,50480
1,58564
1,9848
1,11031
4,745
1,101266
3,7850
1,55100
1,2284
1,1276
1,367
1,12234
1,4973
3,19904
3,6105
1,676
6,2693
6,9210
1,40502
2,499
1,25564
1,26883
3,5062
4,1760
1,19427
1,19212
2,2438
1,52928
6,3495
1,3563
6,12223
4,2408
1,592
1,11165
1,93637
6,12631
1,524
3,3841
6,73241
3,989
1,7830
6,18422
2,1051
1,25225
2,30279
6,4251
3,11596
1,3300
1,428
1,720
1,42927
3,21064
1,528
2,5270
1,492
1,742
1,59164
6,6311
2,58359
3,3279
6,4684
1,46940
2,10277
1,32297
6,4741
1,99133
6,5050
4,2630
3,4754
3,2540
1,3334
1,550
2,26934
1,15937
6,12647
1,41920
1,1511
3,5794
3,16405
2,478
1,46874
1,22723
1,36463
1,8554
6,5566
6,5867
1,607
3,1069
1,85178
1,100999
6,625
3,782
1,4436
6,7198
3,5199
1,3865
2,9568
3,6864
5,17116
3,799
6,4250
6,4166
1,13647
6,13929
2,3849
2,699
1,79630
6,5000
3,6426
2,31182
1,28812
1,821
2,621
3,4412
1,67936
2,2154
6,23727
2,14754
1,29679
1,24889
6,23532
1,6753
2,21916
3,10953
1,135255
2,27194
2,2697
3,18682
1,7189
3,19508
1,908
6,613
1,2019
6,15430
1,6786
2,3536
1,21893
6,3235
6,3232
1,931
6,15958
3,12271
1,168482
1,23125
1,104098
3,9637
1,4794
6,11669
3,2480
1,29433
2,2078
6,12926
1,9331
1,110748
6,6812
1,22429
1,4806
6,33923
5,20294
2,2819
4,8524
2,795
1,919
5,2403
2,11973
6,3631
3,23498
1,21516
1,641
1,886
1,603
1,2080
6,17770
6,13415
2,22853
1,756
1,116683
1,973
2,34055
2,7846
1,41486
6,41444
1,38580
6,231
1,47588
6,18190
1,656
1,10364
2,1138
6,1627
3,5170
6,4284
3,4296
3,5564
6,6895
3,740
2,11524
2,67778
3,2313
1,382
2,850
2,2018
3,43469
6,799
3,1236
1,201
1,6649
6,2355
6,1010
6,17038
6,1039
1,99201
6,13562
6,18722
1,23757
6,1773
1,61004
3,3708
1,1519
1,15952
1,24149
1,650
1,11293
3,2410
1,282
2,2007
6,121722
6,1953
6,2495
6,1815
1,22773
1,65633
2,1480
1,931
1,6960
3,1595
3,10286
1,5193
2,2334
1,29219
3,40318
6,4153
3,11740
2,631
1,4633
1,523
3,600
3,8274
5,854
1,6551
1,17283
1,74324
1,51632
2,13231
1,18072
6,1892
1,2084
1,322
1,3038
6,15078
4,12267
6,5579
1,12662
2,57840
3,5771
3,2115
1,17671
2,443
1,3035
1,6733
1,16502
3,1710
1,2435
2,504
1,698
2,12270
6,6302
6,1462
2,5452
1,390
1,11747
3,6483
2,97308
1,16711
1,315
1,1322
6,14248
1,15461
1,28284
6,3667
1,5060
2,1076
1,370
3,3993
2,2745
1,1019
1,2427
1,72174
1,17520
3,1556
2,7639
1,3462
2,3094
1,27417
1,1365
6,32988
1,464
1,13368
1,47036
5,31096
6,3894
1,12673
1,405
1,76069
6,1642
1,3347
3,1664
3,15683
3,12690
2,647
5,18119
1,82205
6,18412
2,17105
1,9989
2,2280
1,936
3,5044
3,35753
1,1220
3,4176
6,2507
3,7280
1,898
1,1165
5,1653
3,628
2,2360
1,20742
1,22282
3,1454
6,10303
6,1470
5,615
2,13904
6,8449
2,1259
5,69702
2,1148
1,169615
3,1915
6,14575
1,9902
3,6371
1,47117
1,37436
1,1250
3,7074
3,21188
6,3736
6,47988
3,10579
1,566
1,187
6,49593
1,5232
3,16455
1,13227
3,6082
6,26302
4,1708
6,25671
1,12345
3,8405
1,68023
2,1564
1,3933
1,11966
1,1904
6,1667
3,4557
6,26747
1,28260
3,12930
1,19708
1,3260
1,54288
1,6134
1,28716
1,5328
2,91526
6,22131
6,1566
6,14310
1,81738
1,14568
1,22621
1,7664
3,18975
3,2448
1,30723
1,762
3,17209
3,2826
1,8147
1,12809
1,492
1,48551
1,67336
1,7131
6,13480
1,5640
4,1508
2,1464
6,6615
6,5105
2,1717
1,5984
3,10910
6,1315
3,3208
1,38952
1,9126
6,4110
1,383
2,17120
2,7636
1,1070
3,7769
1,6412
2,5204
1,957
2,1396
2,4357
1,1597
3,24545
1,36058
1,1369
2,953
1,49909
2,1828
2,57623
1,94922
1,816
2,2375
3,549
2,6344
6,2686
1,23405
1,25043
2,1070
1,460
3,529
6,2863
1,3501
6,2512
2,945
1,5894
2,753
1,1423
6,7254
3,2503
1,1723
2,43444
1,533
1,849
1,636
3,1613
6,4037
1,43288
3,23004
1,13363
1,1660
6,6985
1,423
6,4678
3,20619
1,1811
3,70734
1,8665
3,819
2,1151
1,6352
5,436
1,41756
1,15653
6,650
1,309
1,776
2,5480
1,2116
2,15377
1,2277
1,409
6,10046
6,1707
1,871
1,11183
1,5420
1,457
3,20680
3,15412
4,1646
6,11965
1,1633
3,11734
1,10837
1,19491
1,14380
3,17814
2,623
3,32195
2,493
1,71285
3,690
6,1105
1,63370
1,14069
1,4884
3,3244
1,14299
1,52542
2,913
1,992
3,21636
3,9853
3,6355
6,3415
6,4669
1,22170
1,11042
6,5577
2,4922
1,2146
4,364
1,227
1,2915
3,3709
2,4028
1,15887
1,3847
6,1990
1,34176
3,3772
5,5949
1,612
3,5185
2,5566
1,1826
1,4960
6,18468
1,7411
1,20504
1,4977
3,7363
6,730
1,57110
1,1546
3,2908
1,1385
2,9997
1,1776
6,9693
3,3539
2,9738
1,411
2,9262
6,4093
1,30146
1,1048
1,7003
2,13456
1,6611
1,12781
3,19251
3,10764
3,1753
1,2169
1,11794
5,1184
1,33573
2,2411
1,7571
2,53765
6,4111
3,5009
6,5505
2,1103
3,6128
3,5037
1,375
6,2187
6,2859
3,18291
3,3074
1,75517
4,2478
3,15008
1,3207
6,3395
1,738
1,14465
3,7297
2,48730
1,4160
2,2493
6,2975
1,439
3,13727
6,2939
2,891
6,6993
1,19968
2,2354
1,100425
2,973
6,1553
1,14232
2,816
1,56453
3,5217
6,16886
6,1756
1,55031
6,26025
2,10030
1,1452
3,472
6,6001
1,32176
2,4759
1,20856
1,91241
3,13602
1,52687
1,1996
6,5719
3,12334
3,5793
6,1363
6,27380
1,10094
1,2007
1,16688
1,95005
6,4712
1,46938
1,60465
3,1575
4,1199
6,2139
1,1088
2,1896
1,2504
1,8876
2,482
1,2211
1,94820
6,10245
1,15152
6,2078
6,4783
3,45188
3,17240
6,4146
1,1565
1,94430
6,8006
5,566
6,3752
6,6508
1,8381
2,450
1,360
1,31856
1,989
6,16411
1,4580
1,2258
6,385
1,10698
1,10667
1,8186
6,927
2,735
1,531
6,549
1,6601
1,2998
6,3981
6,13168
1,2019
2,3551
1,1961
2,3327
1,509
6,11609
4,1116
3,1480
2,19960
6,1220
3,1246
1,730
6,4645
6,4215
2,915
6,861
3,2133
2,8474
3,13119
3,1638
6,630
3,407
1,3676
6,610
3,69233
3,117080
1,1806
1,1888
2,1001
1,711
1,12227
3,1539
1,23140
2,2791
6,4587
1,17895
6,5984
1,4272
6,3526
1,92252
3,827
3,4734
2,272
1,904
2,297
6,3417
1,671
5,12195
1,1037
2,3940
3,1682
2,1060
6,10284
1,1138
2,2634
1,1889
6,1628
1,1574
2,2396
6,4697
1,31253
1,43737
1,616
3,20824
1,1466
1,1336
2,2110
1,236
2,51924
2,437
1,556
1,4985
1,676
6,972
1,67310
1,392
1,46093
5,15032
6,16677
1,6836
6,11528
2,1257
1,378
1,1892
6,1041
1,605
3,5382
3,1219
2,1472
2,3772
1,13039
2,705
1,1399
1,23724
1,536
4,2907
6,1609
3,9730
2,2058
6,1114
1,946
1,37919
6,285
3,8993
6,1697
1,73555
2,640
2,587
3,1622
3,9773
3,5858
6,52264
1,43551
1,1390
1,19161
1,2230
1,1039
6,4368
5,4211
3,1730
1,37544
6,17693
2,1027
1,8688
1,955
1,15397
6,1345
2,4204
1,1418
1,47565
3,9826
6,4311
1,27487
3,2060
1,127641
1,935
1,5198
5,1297
6,1213
2,342
1,2351
3,4505
6,430
1,20279
1,8315
5,1108
3,6586
6,11716
3,4637
3,8206
1,146979
2,1120
6,922
1,2128
1,719
3,625
6,15703
2,3251
1,47642
2,2303
3,3986
2,3621
1,4056
6,3648
1,145592
6,3466
1,5990
1,1249
3,11730
3,3979
2,1148
1,918
3,890
6,10549
2,1724
1,73064
5,21904
1,49467
1,90817
6,10451
2,1046
2,475
1,1921
3,3081
6,2041
1,45265
3,458
5,13829
6,783
1,17109
6,15586
1,20062
1,738
3,4711
6,898
6,10995
1,32198
6,14934
1,29790
1,11952
6,387
1,17517
6,2995
6,6004
1,898
3,5295
1,27070
1,59815
2,777
2,803
1,7756
1,29599
1,1654
1,443
6,10141
1,5137
6,26363
2,13256
2,7865
2,12816
3,916
2,1201
1,5095
6,2259
1,432
3,1412
3,3670
4,2160
3,6122
1,2271
2,988
1,91037
6,963
2,524
2,5611
3,22543
1,400
6,7087
1,34787
1,21979
1,25332
6,19414
1,505
3,2051
3,9014
2,469
6,15774
3,10264
2,4670
1,5763
5,8472
1,424
1,783
3,24386
1,3690
1,973
1,8788
1,11867
2,373
6,813
1,12240
6,3618
6,23745
3,3164
2,432
6,8030
3,1120
6,950
3,2982
2,789
6,2923
3,3360
3,16552
1,1174
2,610
1,839
2,485
1,293
1,6331
3,1942
2,461
1,6658
3,1626
3,538
6,11846
6,993
1,2229
1,4995
2,5745
6,32565
1,2072
3,12437
6,10288
6,2572
6,2935
2,22352
1,16361
1,2430
3,2653
1,6897
6,3502
1,600
1,168811
1,1082
5,26852
6,9474
2,19994
1,411
6,34964
6,4628
2,1973
6,2169
1,612
2,5343
6,1927
2,4232
2,1134
2,1228
1,3654
6,2329
1,2724
1,11933
1,1875
1,22860
1,3322
3,699
5,3581
6,528
3,14560
1,1108
3,434
3,10119
1,11750
1,113166
6,3609
4,2100
2,2800
1,33730
1,19603
6,6671
6,6907
6,687
3,312
6,3280
6,14392
2,3343
5,2862
4,8053
1,1277
1,5605
1,12536
6,2913
1,17506
1,27959
1,8037
1,3005
1,3855
2,878
2,591
2,733
4,8814
6,5900
1,573
2,1179
3,140501
3,2688
1,2392
6,12064
1,986
6,1736
1,5736
2,487
1,534
3,3769
1,990
6,10133
2,1779
6,21462
1,62601
6,1229
3,9895
1,532
3,6588
1,47900
6,19677
1,30291
2,404
3,4085
1,4670
4,1275
1,4334
1,2810
2,8307
5,21416
5,28032
3,385
1,726
1,16219
6,4327
3,10044
6,19326
3,1990
3,8067
1,2028
1,4197
1,2928
6,3946
1,1783
1,9590
3,2405
6,4733
6,14168
3,2515
2,255
6,58997
1,66868
6,9347
1,48744
5,2017
3,1408
1,3605
6,2853
1,3961
2,242
1,2930
3,2888
1,14696
6,3437
1,711
6,5398
2,1823
1,47679
1,3746
2,1218
6,5516
1,5808
6,32853
2,7101
5,1477
1,288
2,745
6,1457
1,4732
6,19407
1,1387
1,1591
6,8568
1,382
1,26991
3,7747
1,1190
1,6253
3,658
1,1139
1,348
1,5702
1,39165
2,9290
6,3999
1,66777
1,83068
3,3210
6,2804
6,873
1,6909
3,536
1,2790
4,1375
1,4750
6,7878
3,24304
1,967
4,6650
1,6667
1,13036
1,378
6,405
4,2240
6,28125
1,10770
1,12835
1,122288
3,25804
1,2265
6,1055
2,344
1,5725
6,1729
3,214
1,314
6,3689
1,47136
1,55635
3,1441
1,1486
3,5673
3,1947
6,4889
1,17920
1,54376
4,5321
6,5249
1,1715
2,2478
2,365
1,406
1,118553
1,8439
1,145468
3,8003
1,9115
2,453
6,3159
6,2575
1,4162
2,285
1,10416
6,15446
2,335
1,11531
1,17136
1,146631
3,1194
2,507
1,488
1,12486
1,981
6,3051
1,446
3,2876
3,4928
1,483
1,562
3,3455
3,3574
3,423
3,1127
1,835
1,243
1,1993
1,310
1,13680
6,1352
1,19237
1,3935
2,717
3,3686
6,950
1,836
3,1326
1,1419
3,667
6,8496
1,3495
2,7937
3,1450
2,916
2,686
1,226625
2,736
1,1062
1,608
2,2773
6,6649
3,4513
1,19053
3,1352
6,12196
6,1496
1,35872
1,575
2,3235
2,2776
1,38301
3,2177
1,13898
3,1831
3,5135
2,408
6,937
3,1724
2,5846
3,2890
1,819
1,5611
6,503
1,444
3,1239
1,2524
2,2444
1,353
1,344
1,7043
5,4388
1,173216
6,16637
6,1648
3,15425
1,1012
2,5334
1,6402
6,1029
1,38618
1,487
3,2562
1,399
1,2791
6,2304
1,1012
1,567
1,25443
6,3681
6,4186
6,7322
1,1451
1,2320
3,6327
3,4088
2,10143
6,2284
1,56854
1,27080
1,669
6,4982
1,41469
6,2584
6,5666
1,30836
1,13921
6,2484
2,4905
6,4991
1,648
1,932
6,1685
1,4041
1,802
2,2780
6,4220
1,1033
1,11544
1,31005
2,5295
3,1030
2,3937
3,8135
4,501
3,3038
1,53617
1,2224
6,297
6,2177
1,16757
3,8535
2,252
4,2376
1,12768
1,91453
3,2466
4,1477
1,4038
1,1366
2,967
1,24902
1,84395
6,1134
6,678
2,2341
1,3067
3,2884
6,37047
1,57646
1,28280
1,104182
1,13898
2,1032
3,6636
2,211
3,831
3,6156
1,352
1,67100
1,284
1,71545
1,64168
1,9024
2,10118
6,4932
1,1768
1,2747
4,1499
1,346
1,400
6,1957
3,7706
2,2423
1,38819
1,19544
5,9743
1,427
1,12988
1,6690
1,2613
1,6596
3,2809
1,11963
3,10926
6,2209
2,1062
3,3297
6,6337
1,15338
1,69526
3,379
6,10513
2,4128
1,291
6,9748
1,603
3,492
1,363
4,1325
6,7095
5,21340
2,14498
6,4770
2,7539
3,21987
6,3804
2,533
1,1194
1,9248
2,1028
6,10913
1,488
2,23038
4,2976
1,2169
2,37398
1,24788
3,224
6,7952
1,6183
2,724
1,48939
3,4826
4,522
6,1732
3,2237
3,4747
6,552
5,378
1,623
1,36343
3,229
3,7573
1,317
1,6303
2,258
6,4076
1,4425
6,2566
1,16672
6,3912
3,547
1,319
1,13272
6,1029
6,3008
3,1723
1,1616
1,18933
2,408
6,19147
1,820
3,1302
1,2733
3,3115
1,20550
1,337
1,947
3,1279
3,1285
6,4700
1,845
1,316
1,27878
1,5082
1,25545
2,1572
1,964
4,891
1,891
2,353
4,468
5,7089
6,2234
1,24131
1,9099
3,9285
2,12517
6,3447
3,4379
1,48310
1,3800
5,5125
1,1826
4,1387
1,431
1,313
2,280
2,923
3,2703
3,6578
6,8232
2,4541
3,12443
1,2299
3,4158
2,215
2,1250
3,2045
1,11006
1,2701
3,220
3,1372
2,273
1,295
1,318
3,19029
5,942
1,451
4,5772
3,892
6,4237
1,635
6,3111
6,458
1,7905
6,889
6,4036
1,7207
1,367
1,38139
6,2301
6,6379
2,13702
3,2467
4,1710
1,5736
6,7177
2,10776
1,5670
1,13877
1,1009
2,451
3,3596
1,209
1,37913
1,1805
3,2372
1,472
6,507
6,3753
3,5353
6,12299
1,23968
1,551
3,2038
1,1223
6,20758
3,8305
2,271
3,575
1,1164
1,225
5,19389
2,1948
6,6194
1,2765
1,350
2,7736
1,413
3,4079
3,2601
1,23477
6,4444
1,3674
6,244
1,95168
1,476
1,3821
6,14515
3,17570
4,1215
2,2825
1,26360
2,609
1,637
3,1281
6,3230
6,2296
2,1849
2,1551
6,7062
6,8011
1,810
2,474
1,1083
3,1991
1,15046
3,13526
3,21200
1,3956
6,8541
1,2625
6,538
1,263
1,1110
1,34109
5,3424
2,3717
2,4807
1,1292
3,8509
5,43759
3,4317
1,10392
6,5241
6,625
3,976
6,4593
6,1184
2,818
1,440
6,18358
1,88969
1,1007
6,23216
4,6634
2,8230
3,1381
1,3748
3,20953
4,473
2,3500
6,2769
2,483
5,70559
2,3462
2,465
2,1175
5,97
1,229
3,4085
3,4023
2,904
6,17684
2,479
5,11347
1,985
6,2667
3,714
1,31295
2,1087
6,215
3,6467
6,9758
1,359
6,497
3,196
2,260
1,12064
1,336
3,1846
6,5230
1,12499
6,3088
3,2201
6,7550
6,1993
6,1041
6,1035
1,940
1,14718
6,1748
6,4545
6,1603
3,15956
1,1896
3,3790
1,199
6,5171
6,11869
2,1343
2,362
1,7440
6,3703
5,3083
6,406
1,438
6,614
6,1291
5,2219
6,2068
1,3931
1,18031
3,716
6,11094
1,16596
1,2173
6,2148
2,298
1,3838
5,1763
1,16068
5,2291
1,36235
2,8906
1,577
2,962
3,745
6,1113
1,22662
3,6211
2,520
6,2508
2,1742
1,15026
1,796
1,1452
1,752
1,3183
2,1003
1,5208
3,1407
6,11042
1,393
1,19502
2,395
1,40413
1,2388
6,14410
3,333
5,2062
1,3533
5,12077
5,13801
2,2265
6,3397
2,392
2,2213
3,1979
1,22684
3,1608
3,6920
2,682
1,1865
6,3755
1,709
4,3519
1,7087
1,10517
1,407
1,655
6,1876
1,74069
1,617
1,409
1,700
6,11765
2,312
3,338
1,477
3,328
3,46712
1,7275
1,386
1,855
1,903
3,350
1,74634
6,19232
1,1121
2,459
4,1242
1,279
3,498
3,2670
1,833
5,313
1,314
3,187
1,741
3,1270
6,3786
6,2535
2,988
2,573
1,14714
3,246
3,1663
6,1977
4,653
6,1802
3,2426
3,10076
4,1174
3,243
1,17422
1,22480
3,26923
1,2482
3,924
1,832
4,261
3,452
1,3551
3,984
1,399
1,319
2,189
1,81870
3,2325
1,344
3,439
1,5332
1,889
6,3365
6,3571
6,13040
1,4308
1,32711
2,574
1,8213
6,4876
1,5752
3,2962
6,3300
1,5719
3,2370
1,592
1,76291
3,271
2,575
2,1455
1,204
3,181
5,16663
1,5511
1,24393
3,4830
6,4621
3,1974
3,318
3,400
1,18432
1,561
1,407
5,26062
2,300
1,1358
6,2865
6,1787
1,2388
3,14605
1,30770
6,39092
1,1012
1,630
3,1428
1,45869
6,373
1,56131
2,1082
6,26925
1,518
6,5473
1,263
1,1327
1,12852
1,22718
2,1432
2,1479
1,5532
4,1165
3,19907
1,731
1,1061
6,1795
1,2248
1,240
1,1317
1,1119
1,139
4,1484
6,4743
1,14757
2,7224
1,586
6,47587
5,2059
4,1532
5,624
6,12212
6,13901
2,4010
1,632
1,1412
6,1122
1,6479
3,738
3,1026
1,1059
3,29922
1,20883
3,1946
1,249
3,3473
6,952
6,606
2,744
3,37087
6,2669
6,1215
2,553
1,9540
2,4576
2,847
1,377
2,694
1,19225
1,11052
2,327
1,5677
1,879
2,5305
1,161
1,45457
1,229
3,14564
1,16287
6,8282
1,479
4,3600
4,2162
1,28296
1,376
2,699
2,253
3,749
1,17379
3,287
3,3523
3,4497
1,411
1,354
3,1098
1,33528
1,266
1,298
6,5142
1,284
1,665
1,1739
1,92396
6,323
6,760
1,22664
5,1877
1,720
2,630
2,490
1,30403
5,4394
6,1985
3,1085
1,737
2,243
2,252
6,1886
2,321
1,364
1,373
3,683
4,966
3,9336
3,5496
6,2914
3,666
1,12238
1,13624
5,3076
1,1594
3,208
6,1773
3,1213
6,3251
4,1057
5,2323
6,804
3,15827
2,238
2,6946
1,3263
1,1947
6,2371
5,1507
3,8216
3,1425
6,3586
4,719
1,917
3,1655
2,432
3,358
1,4058
3,3869
6,2599
6,331
2,235
6,3359
2,552
4,699
2,13480
1,3276
6,4474
2,603
2,493
1,480
1,1177
6,10234
6,424
2,270
6,5705
5,1967
3,4327
3,820
5,1489
2,1975
3,9299
3,5652
3,1769
1,1006
2,2194
6,814
2,661
1,341
5,5051
1,15653
3,3560
6,6686
6,953
1,297
1,20882
3,584
1,14694
6,612
3,2929
3,5750
1,43137
1,330
3,653
1,8364
6,2738
1,920
3,3456
2,53822
6,513
1,39413
1,49971
6,421
3,517
2,5367
1,15742
3,2112
1,282
1,32470
1,386
3,5090
3,1514
3,4816
6,216
3,213
1,15796
2,1638
2,704
3,647
3,4549
1,133971
3,2457
6,331
2,248
1,496
5,755
6,3008
1,1468
6,1249
2,178
1,298
1,8643
3,1636
2,628
3,435
1,3287
1,1623
1,1085
3,479
2,3185
1,416
3,476
1,1478
2,3721
3,1085
1,3106
2,1507
6,2564
6,2270
3,1701
6,2752
2,878
3,1284
6,1150
3,7418
3,136
5,9102
1,2512
6,1272
2,4850
1,6995
2,557
2,340
6,3083
3,617
1,274
3,1994
1,632
1,678
1,406
1,587
3,556
1,515
3,635
6,1592
1,4707
3,226
1,55607
6,2190
6,1419
6,1090
3,4498
1,249
2,496
1,393
3,2346
5,2855
3,8565
3,6112
6,265
1,44978
2,537
6,1879
5,8497
3,1102
6,992
3,6760
3,849
1,318
6,646
5,1505
1,51323
2,2830
3,1829
1,85487
1,294
1,1286
3,2723
6,1651
3,1099
1,4967
6,2007
6,465
1,13827
1,613
1,382
3,4572
1,515
6,8000
2,557
1,931
1,3863
1,696
6,422
6,431
1,1209
3,21805
3,3710
2,609
3,7336
1,311
5,546
1,647
3,734
6,10024
3,1174
1,499
1,15230
6,1272
1,315
1,74320
3,2947
6,50012
2,1065
3,36352
6,1087
3,179
2,763
1,440
1,527
6,685
6,3380
2,329
3,3708
3,3604
1,325
1,1147
6,1342
6,5010
2,1139
5,1812
3,1849
3,450
1,213
2,3757
1,15549
6,683
6,1730
1,965
2,1967
3,2750
3,2321
1,14010
6,2747
2,1509
3,558
1,60452
6,331
3,2540
4,797
2,644
3,606
2,18770
3,2186
1,12169
3,3968
4,199
3,6756
6,1439
1,4744
1,80562
3,2253
1,3188
3,3656
1,59544
1,3693
3,1688
2,950
6,1264
2,1624
5,1885
3,505
3,701
1,934
1,8652
3,609
1,59632
1,227
3,1975
6,862
2,448
3,1383
1,106391
1,645
1,747
1,330
6,5005
1,4790
1,729
2,305
3,479
1,341
3,10574
6,2616
6,305
1,1325
1,43176
6,18524
3,1869
2,12350
1,1545
1,471
1,4426
1,5098
4,230
5,1190
6,1260
3,485
6,739
1,312
3,412
1,393
6,1415
6,9291
2,506
6,141
3,205
6,2189
2,976
2,786
6,3510
1,375
6,36560
2,278
3,1195
3,8632
3,207
3,307
1,367
1,2942
1,68025
1,22411
1,787
2,542
1,287
1,194
6,2196
1,316
1,28303
3,7194
1,12549
4,2153
2,402
1,53377
1,2321
6,54096
6,7296
2,2379
4,915
3,284
1,18202
2,4930
5,5273
1,24595
1,3676
3,3479
2,6579
3,7526
1,400
2,1542
6,284
1,419
3,939
1,349
3,1801
2,287
1,6544
1,8094
3,6385
2,251
6,347
6,612
6,1599
5,386
1,20054
1,684
6,1335
6,10005
4,1561
1,74097
3,17949
1,795
1,465
3,712
6,1093
3,153
6,455
1,39538
1,3731
1,378
2,172
5,1924
1,297
3,1596
3,4251
3,1135
6,798
3,813
1,828
6,915
2,143
1,413
1,2934
2,185
3,5305
6,220
6,1411
2,826
1,619
6,435
1,2238
1,11097
6,446
1,134349
1,389
2,225
6,304
1,12886
1,3229
2,522
1,912
2,241
1,5541
3,187
5,242
1,9021
6,331
2,2535
6,16618
2,4893
6,2829
6,2752
1,9385
6,2258
3,720
3,649
6,1229
3,1735
1,5678
3,1862
6,26190
6,262
1,6545
1,25846
1,3246
3,57507
6,2487
4,522
1,1898
3,1771
6,277
6,367
3,704
3,5958
1,7748
4,406
2,1025
5,13068
6,1557
3,1390
6,9781
1,250
2,6289
3,2708
1,5194
3,150
2,3104
6,1716
1,406
3,2027
1,2691
1,585
1,45400
3,810
6,1172
6,3818
3,15411
2,2415
3,25285
2,248
6,394
3,3800
3,483
2,1740
1,2827
1,574
3,461
2,346
5,987
6,551
6,372
2,8007
6,2708
1,503
3,3808
4,126
1,267
3,1415
6,3377
1,5782
3,548
6,907
1,334
1,298
3,1275
3,2361
3,1747
6,1478
6,9453
6,686
2,364
2,7197
1,713
6,4545
2,2936
3,347
1,231
3,9464
1,1578
2,2552
1,12622
2,651
1,227
3,7293
3,2504
2,969
1,7751
5,7170
1,1293
1,226
3,289
3,5196
1,8081
2,1156
1,734
3,9588
4,10775
1,371
5,22127
2,1216
6,2793
2,3720
1,363
2,236
2,444
2,2380
2,1052
3,1965
5,1217
3,1985
1,5623
3,437
3,403
3,735
1,49842
2,833
3,2208
3,586
1,611
1,1632
6,2790
2,14281
3,868
2,342
1,305
2,1661
1,386
1,317
1,435
1,229
3,2043
3,2253
2,1305
3,2866
6,373
3,1973
3,1491
1,14100
1,5899
1,32470
6,9456
2,513
5,16438
3,464
3,633
6,354
4,586
6,145
2,188
3,18386
3,430
6,384
6,3463
2,2897
2,233
2,373
3,3216
1,32171
3,1835
3,2068
6,915
5,5455
2,175
1,51637
1,447
1,1145
5,1271
3,1710
6,2767
2,1405
2,564
3,5106
3,1712
6,809
6,1308
1,30310
3,2596
5,4951
3,679
6,1154
6,1965
6,8891
4,258
2,334
2,1470
2,5224
3,1568
1,17103
6,1430
1,255
1,287
1,3424
6,1154
2,225
5,2609
1,11562
2,2398
6,1555
1,53319
6,1003
3,7342
3,1735
1,92269
1,295
2,941
3,1501
1,13591
3,54567
3,906
1,11110
5,280
2,1577
2,336
1,80121
2,223
3,1925
1,17934
6,762
1,1923
2,586
2,189
5,4503
1,360
1,1710
3,8112
1,5676
5,1169
5,244
1,356
1,11582
1,680
3,6601
3,4543
2,293
3,374
6,1832
6,6805
6,3073
1,15313
1,328
1,4721
2,248
1,162
1,3221
2,2304
1,2744
4,1616
6,399
2,399
5,1140
6,398
1,24377
6,7858
2,461
1,3907
2,1481
1,1086
3,1104
5,37155
3,633
1,3271
2,637
2,390
1,5058
5,1311
3,1048
1,234
2,232
3,1746
1,33059
2,301
6,605
1,1342
1,1366
4,515
1,606
1,197
6,1636
5,3863
3,1317
6,735
2,406
1,875
1,536
3,1370
3,1755
6,480
3,1260
1,981
1,10523
1,7275
3,332
1,8662
6,249
2,1208
5,3331
1,25652
1,666
1,7496
6,321
1,5825
1,407
2,1709
1,317
3,6727
1,178
3,877
1,5672
6,1795
3,18236
6,2707
6,12141
6,298
3,407
1,1752
5,1555
5,9351
5,466
3,419
1,13960
1,2348
2,49949
4,548
1,287
5,1942
1,259
3,20589
3,2697
6,1350
1,356
6,5477
1,18031
3,1186
5,256
3,5070
6,3291
2,350
6,1543
3,743
2,162
2,302
6,5110
3,1056
4,578
1,233
3,453
3,10531
1,52965
4,550
2,8214
2,2168
2,590
5,4761
3,1442
1,374
3,5394
3,2350
6,440
3,1079
6,2317
4,298
6,13691
2,313
4,794
3,259
3,7287
6,7132
1,3473
1,314
1,5430
6,2198
3,462
1,5200
3,483
1,38188
6,429
2,260
6,533
1,690
1,1385
2,685
6,1737
2,351
3,2601
2,806
1,2580
3,3970
6,8434
2,20532
6,2377
3,276
2,775
3,356
3,2649
6,407
3,6996
6,383
3,502
2,357
1,45748
1,14641
6,3700
2,445
1,9410
6,5479
2,283
3,280
3,1095
6,28144
1,640
1,9268
2,721
3,1566
3,3294
2,6341
3,301
3,10325
1,917
5,792
1,748
5,824
1,310
1,17403
3,3156
3,1175
2,1441
3,289
3,368
5,1105
1,3598
3,1584
1,852
6,1544
6,6090
3,7367
3,1319
6,3037
2,207
1,237
2,722
1,751
6,727
4,1692
3,656
6,1335
3,1557
3,2427
1,10557
3,4244
1,19138
5,3516
1,1217
2,282
5,1430
3,4184
1,2279
4,2697
1,11974
6,278
2,736
1,18799
3,686
6,804
3,1748
6,1379
2,203
2,1131
6,516
5,401
6,2961
5,1089
6,3528
1,552
3,236
3,3658
5,21104
6,885
5,312
6,447
3,1734
3,3409
6,5679
1,14989
4,651
6,6806
6,12469
2,436
6,547
1,3955
1,47587
1,240
3,320
1,1139
1,278
2,199
6,1178
4,3730
6,1218
3,776
2,295
6,467
1,429
3,2011
1,364
1,1915
1,6017
5,786
6,3816
1,1521
3,949
3,2030
4,1634
2,887
4,1143
6,1589
1,298
1,131
2,1196
3,366
3,1220
3,348
3,2223
3,2621
3,563
2,400
3,7024
3,3896
3,8291
3,893
6,6004
2,158
3,1867
3,1756
1,483
5,361
6,6785
1,27273
3,157
2,286
3,5462
1,5568
1,7816
1,18680
3,5520
5,13802
1,1514
4,376
2,8130
2,527
1,677
5,13618
3,5404
3,8206
2,581
4,1781
6,571
6,416
2,179
3,295
6,3935
6,1022
3,402
1,1377
3,2655
3,982
3,1449
5,430
6,534
6,677
6,749
1,340
1,314
3,1024
6,737
2,818
1,236
1,528
6,6718
5,1867
6,2744
6,762
6,736
5,2666
2,506
5,804
3,328
2,833
2,913
5,6580
2,797
6,370
1,642
6,1906
3,839
3,2351
6,913
4,1582
6,2209
5,1251
3,17237
2,374
1,5907
1,692
6,557
6,1906
1,567
1,104192
1,3953
1,2077
6,380
1,160
4,306
2,405
1,1016
6,560
4,1163
6,239
3,386
3,333
6,232
3,2814
1,1226
5,11481
1,629
6,2288
5,1287
1,63638
1,324
1,1413
2,4260
6,363
3,371
4,1902
6,626
1,10979
5,4125
1,11556
1,1701
1,279183
3,397
2,412
6,2399
6,189
6,504
3,1525
2,220
1,5547
1,21934
1,760
6,346
2,5305
2,25040
6,2983
6,1026
5,846
5,623
1,2886
6,2902
3,3126
6,231
4,549
2,483
4,1643
3,530
2,275
5,2587
3,394
2,2893
4,385
3,16436
3,2794
1,637
6,160
6,705
1,210
3,597
5,254
3,32917
1,2434
1,10776
4,165
6,1583
6,1292
2,295
1,507
3,1871
3,1455
3,319
3,1074
1,411
4,2401
4,82
1,1946
3,1512
1,4402
2,999
1,6176
2,202
6,728
1,273
3,1035
1,737
5,893
4,417
3,752
6,219
1,7778
4,3005
1,37924
4,85
3,486
3,240
5,1156
5,1039
6,863
1,210
3,1402
6,280
3,14381
6,1094
6,1572
3,810
2,286
6,2852
3,1299
3,13346
2,1258
2,549
2,3612
5,280
4,880
2,4882
4,3680
1,1294
6,930
3,12158
6,336
3,21620
3,945
1,236
3,1805
6,1786
5,204
1,5381
1,2569
1,999
3,655
6,237
6,12967
3,6066
4,616
3,2520
1,10696
3,4348
3,362
4,387
3,735
3,3621
3,2521
2,2068
6,3933
6,6392
2,1804
2,977
6,3355
3,3514
1,99460
4,305
6,822
6,1129
6,455
3,5719
2,3824
2,235
5,186
6,2769
3,558
4,162
6,213
2,1803
5,4391
5,4723
1,5674
2,304
6,8932
5,516
1,21006
5,287
6,1266
6,2296
3,726
4,478
1,423
4,3125
1,670
2,228
6,1131
3,640
1,1366
1,236
2,145
3,12054
6,6401
2,251
1,7376
3,595
3,408
1,6177
3,1947
3,2963
1,3784
3,307
6,1203
2,516
3,9595
1,7833
4,1400
2,527
3,582
5,1348
3,176
2,200
1,1049
2,547
1,627
1,9605
1,331
1,357
3,195
6,584
3,550
5,309
2,232
4,353
3,348
4,744
1,1068
2,748
3,940
2,423
4,1222
3,825
4,86
4,279
1,2757
1,1632
3,1018
4,313
2,402
6,1705
2,243
5,3308
6,535
3,2439
4,292
3,299
4,1162
3,13638
1,2816
1,37238
4,367
6,755
1,3326
4,235
2,207
3,337
1,19015
1,7962
4,2778
4,168
5,1447
1,1331
1,487
1,4817
2,541
3,3393
5,4588
6,265
6,2537
2,202
2,389
4,1658
3,1693
2,433
3,2402
1,194
3,3442
1,462
1,15114
3,4488
6,269
2,1541
1,6689
2,3110
3,1036
5,216
4,134
3,17545
3,5663
6,129
3,2129
3,1218
5,4046
3,2030
3,950
3,219
6,456
1,533
3,4574
3,189
1,6848
3,549
3,3074
1,16766
6,1292
1,11086
6,1235
2,282
6,418
3,792
1,1074
1,478
4,140
1,1695
4,583
1,24338
1,42129
1,4669
6,455
3,1420
1,13654
3,690
5,15734
3,4377
3,163
1,37993
1,12286
3,1074
3,430
6,2923
2,404
5,15329
1,615
1,2606
2,794
1,9800
3,496
6,394
6,1812
5,242
2,860
6,202
3,801
6,1973
2,196
4,1712
4,105
2,1482
1,1399
4,419
4,1020
3,5409
5,318
6,352
3,630
1,572
5,9641
3,378
3,1025
2,8687
5,422
2,402
6,218
6,25693
1,66659
3,408
5,543
6,712
6,477
5,883
1,22396
1,26513
3,644
3,695
6,2016
3,2784
3,2792
4,1807
3,8706
3,320
6,158
1,586
3,1902
4,4946
6,733
6,2168
5,7674
3,958
1,3334
2,116
4,212
5,1018
5,178
4,1884
3,1467
5,563
4,1629
6,718
1,861
4,985
2,539
6,231
4,571
4,363
5,556
5,6941
6,4985
5,3384
3,421
5,13266
3,1651
6,458
6,1252
5,339
2,216
5,6686
2,306
1,7988
3,2147
1,590
1,11986
4,247
6,1623
6,582
3,1294
2,697
3,1181
3,280
1,6220
5,1821
4,759
4,893
5,578
1,10399
4,129
6,517
3,327
6,2817
6,2505
1,36827
3,566
2,427
1,17515
3,1734
3,375
3,1007
3,688
5,210
3,2137
6,2111
4,471
3,9485
3,778
1,4037
2,1280
3,5704
5,678
2,843
3,5019
4,1773
1,1187
6,251
2,2659
2,1693
6,5505
1,1625
6,499
2,557
6,283
6,1147
4,397
1,176
3,917
3,740
3,5372
5,6769
1,1304
3,2443
6,267
5,1456
1,572
4,144
1,623
6,2109
1,1070
2,306
1,30270
3,641
3,896
1,13012
5,547
1,2087
3,441
3,1739
3,187
3,2058
4,103
1,18498
5,937
1,2513
6,308
6,403
6,601
2,894
5,1150
5,368
3,2619
1,1502
3,8002
6,915
3,295
3,320
1,787
2,594
3,897
2,1484
1,1680
2,334
3,808
3,1129
2,506
3,1081
3,2145
3,636
3,1068
4,89
6,1232
5,143
5,8697
3,2344
6,5676
3,582
1,19761
3,333
2,332
2,112
6,2760
1,6227
1,11756
2,550
5,169
6,302
3,896
6,2710
1,2009
2,360
3,245
5,2228
5,199
3,199
1,5941
2,474
3,472
4,143
1,83271
5,1410
4,1297
1,3080
3,409
3,10812
6,2483
4,175
4,202
4,296
6,322
1,556
1,2476
4,691
2,615
2,347
6,3095
3,991
3,7051
2,602
3,2279
1,2777
4,108
3,418
6,622
6,5960
5,2615
6,6738
3,972
1,62257
1,23469
3,837
4,670
1,16538
2,148
3,1148
1,258
6,785
3,28812
6,310
6,3712
5,217
6,2433
5,858
3,4703
2,145
1,6303
3,931
1,4894
4,721
3,2237
1,12783
3,302
3,223
3,557
1,1199
4,166
4,1515
3,937
2,816
5,469
3,1240
6,419
1,16846
3,391
2,238
1,11717
5,207
2,310
2,208
3,398
1,273
1,472
5,153
3,620
3,1630
6,603
6,4116
3,13988
6,276
5,189
3,2899
3,234
6,338
6,1166
5,119
1,3175
1,720
2,308
1,1573
6,8491
3,209
6,176
2,590
2,748
2,224
2,2212
1,15758
2,804
6,2295
1,5117
5,2487
1,1091
3,299
3,791
3,1999
1,4014
3,5464
6,971
1,107960
4,705
6,2961
3,1194
2,207
3,774
5,241
3,1114
3,965
4,117
3,1859
3,2281
2,2428
1,864
3,605
3,970
4,316
1,7755
3,316
4,567
4,192
1,117090
6,1227
6,1205
3,686
5,3584
1,49394
1,803
5,210
2,531
3,3456
2,1513
6,2554
4,401
3,615
2,468
6,1906
3,1805
1,38223
4,103
2,607
4,370
3,671
4,243
4,275
3,12919
3,6733
3,805
5,518
3,3276
3,616
3,424
3,526
2,623
5,640
2,180
3,555
6,171
5,1031
1,6204
2,469
6,3265
4,374
3,534
3,369
3,1604
3,455
2,301
3,1164
5,3251
6,6115
4,911
3,668
2,238
4,140
5,1771
2,959
6,198
5,227
4,203
5,277
2,210
5,2189
4,914
3,418
2,2029
4,140
3,303
6,2423
3,1752
4,1159
4,92
4,961
2,1441
6,123
6,215
4,165
5,451
4,413
2,582
3,584
3,2002
1,773
6,1628
3,1950
6,122
4,351
3,5712
6,2246
4,302
1,982
3,715
5,1013
4,346
1,6025
6,503
6,484
4,356
6,1015
6,2682
3,1628
2,152
4,128
1,404
6,563
4,104
6,267
2,386
2,580
1,339
3,912
3,1207
3,981
3,27005
5,449
6,1609
4,147
2,963
3,720
3,1069
3,2871
3,4953
1,84079
3,495
4,528
6,864
6,395
5,141
6,1153
2,812
5,268
2,609
2,218
2,2005
1,1499
1,4608
5,394
6,578
1,19246
3,349
2,339
6,485
3,1025
5,198
1,240
5,763
3,644
4,358
4,1381
4,394
3,533
3,3185
2,344
2,1979
5,218
2,2923
1,215
5,155
4,140
3,1268
2,1280
1,772
3,3132
6,121
6,199
6,2306
1,747
4,162
2,109
3,1014
4,310
4,1229
3,725
4,160
3,1001
6,2670
6,117
3,3880
5,237
5,5615
3,3367
5,161
3,556
4,1006
4,360
2,758
5,217
3,812
3,921
4,261
5,558
3,317
2,223
3,363
3,2000
3,653
4,187
3,1512
2,398
4,120
1,6487
1,792
1,3772
1,443
2,663
4,675
1,3190
3,4218
3,585
1,9367
6,1016
4,99
1,192
5,413
5,655
1,18420
2,105
3,307
3,6148
5,336
6,1665
1,8467
2,293
3,952
6,4648
4,267
3,572
2,1701
1,15005
5,819
6,4087
2,403
5,6167
3,830
3,2039
4,161
1,4825
3,669
3,2781
6,177
3,357
5,154
3,257
6,4159
6,309
4,278
1,1534
4,606
4,254
4,385
2,311
1,3327
5,229
2,705
3,952
2,230
5,101
6,580
1,2250
5,216
6,1051
6,961
2,185
3,877
2,3644
6,110
3,670
3,212
4,431
5,577
1,252
4,106
5,326
3,217
4,242
6,438
4,229
6,308
4,93
5,126
4,499
6,1977
6,602
4,167
2,425
2,446
4,244
5,223
4,185
3,955
5,183
5,1062
1,3248
4,180
3,711
5,779
6,359
4,470
6,171
4,130
2,248
6,1041
4,168
4,465
2,508
2,2021
6,2021
3,358
5,322
1,1417
3,366
1,94108
2,450
4,131
4,128
5,190
6,802
3,542
3,919
2,202
3,1258
2,164
1,450
3,313
3,892
5,119
4,207
2,558
6,585
4,389
2,950
1,1377
6,191
4,490
4,178
2,374
6,247
4,108
6,10213
3,311
1,1936
6,542
3,483
6,335
6,278
6,231
6,298
1,2399
6,1958
3,2100
2,319
1,4974
6,1651
6,676
5,343
6,132
3,800
4,217
6,321
3,486
3,256
2,662
6,737
2,186
6,844
3,3777
1,1612
3,2153
5,3846
4,226
2,317
6,691
2,190
5,354
1,335
3,603
4,93
1,19984
6,257
1,2516
4,202
3,1028
6,11802
2,581
3,594
1,15364
3,805
5,3655
4,196
6,249
1,10290
3,4566
3,1488
3,5410
3,1112
2,129
4,166
2,419
4,297
5,329
6,2063
2,158
3,1660
2,339
2,659
2,125
1,8554
3,1084
4,103
2,265
2,183
5,559
3,284
5,1181
2,194
4,137
2,199
2,129
6,326
6,481
6,1264
2,130
3,2400
6,328
5,230
2,410
3,2660
3,961
2,866
1,215
5,547
3,7802
5,1208
2,178
3,3201
3,883
6,132
3,374
1,798
6,1584
6,2411
5,209
5,817
2,203
4,103
2,700
4,90
5,228
4,161
5,461
5,115
1,1383
3,537
5,554
2,215
4,129
3,2277
5,107
4,240
4,122
2,1034
5,1513
4,83
2,619
5,215
5,458
4,104
6,225
6,220
5,584
4,100
6,764
2,190
3,2106
5,143
2,358
5,1086
4,101
3,5348
2,138
4,152
5,832
3,1632
2,1100
2,623
2,117
6,2434
2,206
4,97
2,392
1,1715
1,7597
3,4179
1,3467
2,161
4,224
4,206
6,729
1,870
3,434
2,273
3,9687
1,533
4,500
6,733
4,217
5,350
1,35004
4,116
3,3970
2,359
4,309
2,1351
5,580
4,810
2,163
3,5308
3,781
2,674
1,21026
5,197
1,929
2,340
2,145
1,1017
1,12594
3,410
4,103
3,581
1,5027
2,406
2,131
2,201
3,2199
2,104
6,1432
4,107
3,2084
2,292
2,144
3,296
3,6850
3,1493
2,335
6,1547
2,136
4,460
4,107
4,254
3,422
5,218
2,525
5,242
1,2243
4,107
2,114
3,1312
5,2373
4,172
5,103
2,348
2,130
6,213
3,1733
3,3117
3,1192
4,164
2,1748
3,869
2,448
4,185
2,181
2,1408
4,311
5,184
5,3264
2,525
3,1332
5,342
5,222
2,2678
2,1773
2,351
2,128
5,693
4,115
4,462
2,111
2,127
3,3459
2,131
5,127
2,136
3,2285
2,208
3,1627
4,142
4,149
3,677
4,129
3,1551
4,283
2,355
2,147
2,132
6,229
1,691
2,140
6,700
2,265
6,1623
2,369
3,1674
2,150
4,93
2,2386
5,955
5,161
3,1878
6,185
5,115
4,108
5,891
2,591
4,776
2,191
4,96
6,345
3,596
3,524
4,568
4,130
5,178
2,355
2,131
3,392
2,787
2,185
2,448
3,629
2,569
3,1976
3,1604
4,234
2,355
3,820
6,1133
5,449
5,168
4,113
3,2535
2,997
2,344
2,359
5,749
4,96
2,193
2,748
3,1552
3,1014
3,333
2,461
5,1223
2,362
2,115
2,195
2,445
2,322
3,4344
3,1427
4,205
6,260
4,121
5,903
6,1480
4,111
4,161
1,361
4,108
2,293
1,6991
2,195
4,202
4,137
2,952
3,835
3,557
3,3259
2,237
4,136
3,5435
2,191
5,170
6,158
1,5555
2,413
2,193
2,246
2,1243
2,480
2,918
2,2055
4,164
5,924
2,518
4,205
6,579
2,139
2,330
4,223
2,444
2,628
2,501
2,357
2,304
4,113
5,4249
2,184
2,175
4,1650
3,1024
2,409
6,314
6,360
4,242
2,349
3,2068
5,132
3,872
1,836
2,131
3,535
2,1046
2,200
5,416
6,295
6,748
2,500
2,115
1,1624
2,350
2,442
5,794
1,1785
2,531
2,191
6,2334
4,153
4,3279
4,144
2,107
4,136
4,291
2,164
4,316
2,187
4,185
5,98
6,147
4,184
2,106
3,1061
2,160
3,1269
4,246
4,92
5,137
2,207
5,475
2,428
1,1817
2,116
2,322
2,220
2,412
2,519
2,112
2,1152
3,4017
4,183
6,1039
2,755
5,281
2,234
5,1331
4,290
1,8389
3,841
2,2229
2,217
1,529
2,443
2,148
5,276
4,92
1,19386
4,495
2,210
1,5888
3,11989
2,132
2,289
4,105
2,333
6,238
4,343
2,488
4,343
2,133
4,192
4,101
3,508
2,486
2,167
3,1708
2,593
4,281
2,122
5,251
1,7413
3,1212
2,1650
2,387
2,174
5,245
5,2248
2,120
4,331
1,7284
2,670
6,435
2,170
5,192
2,411
4,143
2,610
4,109
2,232
2,251
2,141
2,117
3,10887
6,2889
2,110
3,890
4,855
1,14295
2,410
5,214
2,103
1,9096
2,852
2,216
2,259
4,217
2,432
3,619
4,253
5,483
2,848
3,2002
3,314
6,657
3,878
5,266
2,475
5,1062
2,454
2,403
2,641
3,493
2,188
2,525
2,133
1,7131
2,335
4,165
2,124
6,646
5,352
3,573
5,676
2,127
2,128
2,685
2,152
2,119
3,338
4,308
2,343
5,1891
2,585
3,15764
6,254
2,482
2,532
2,145
2,363
2,129
5,869
5,434
2,489
5,2390
4,192
2,438
5,1890
2,483
2,451
2,120
2,841
2,200
2,132
6,369
5,109
5,169
5,211
2,2009
1,4673
3,10703
2,527
2,181
2,138
2,492
2,347
5,2043
3,350
3,4269
3,573
2,737
2,200
2,213
2,124
2,711
4,2921
2,474
4,147
4,337
6,471
4,182
2,530
1,7365
4,381
2,634
2,671
2,139
4,624
2,525
5,177
2,122
5,308
3,1010
2,468
3,1328
2,698
3,1255
2,457
2,211
2,575
2,231
3,615
1,1686
2,359
5,1292
5,1595
3,769
2,945
3,827
6,1070
2,810
5,448
2,707
4,269
5,222
2,358
2,804
2,195
2,331
2,474
5,334
2,279
3,1492
4,202
6,442
5,916
2,248
3,5822
2,242
2,381
3,1010
6,6308
1,3414
2,450
5,3218
5,375
2,317
2,224
5,411
5,1104
2,1080
2,326
1,83652
2,322
4,310
5,727
5,312
5,910
5,935
5,1254
2,398
2,562
5,1030
5,1099
2,508
1,10403
5,2018
5,332
2,549
2,470
2,341
3,1047
5,1042
2,367
5,1174
5,537
2,654
3,1556
2,463
5,8126
2,1893
5,816
2,1817
3,27557
3,4047
3,7680
1,147
3,37
2,188
4,79
1,179
2,216
6,258
4,117
1,112
1,122
6,72
2,158
2,151
6,109
1,252
3,175
5,52
1,677
3,130
3,149
1,180
1,139
1,132
2,155
5,171
5,128
1,115
3,129
3,141
3,103
3,114
3,146
3,144
6,107
6,173
6,69
2,1042
2,488
4,55
2,194
1,292
3,111
3,56
1,220
2,87
4,91
1,195
3,48
3,91
1,83
6,53
2,60
1,68
2,111
6,149
2,213
2,185
3,224
3,42
3,212
2,595
1,119
5,205
6,132
1,277
2,37
4,74
3,71
3,174
6,137
2,77
1,122
1,54
1,83
4,38
3,72
3,264
1,66
1,300
1,182
2,1308
1,324
6,122
3,84
6,120
3,82
2,135
3,68
6,361
5,79
3,26
1,268
2,72
1,24
6,101
2,114
2,210
2,138
2,79
2,72
2,91
2,42
3,112
5,69
3,198
1,177
2,170
3,59
6,154
2,124
3,50
1,63
2,85
2,105
5,67
2,78
6,219
2,173
4,92
1,293
3,46
1,101
2,66
1,355
1,497
1,141
2,100
5,97
5,93
1,292
3,99
3,116
2,109
3,52
3,56
2,111
6,173
3,1448
5,111
1,176
1,244
3,135
2,195
5,114
1,61
1,298
4,58
6,109
6,58
3,162
6,46
2,85
2,57
1,107
1,91
3,35
5,38
6,112
1,115
1,254
6,55
3,3404
1,250
1,153
2,109
2,108
1,46
1,102
1,96
1,109
6,2247
2,90
1,170
6,317
2,63
3,54
3,44
6,154
3,52
2,186
3,96
4,80
4,51
3,58
1,141
6,53
3,49
4,45
6,137
5,214
3,82
2,148
6,120
2,137
1,128
6,113
1,140
1,171
1,184
1,295
2,95
5,68
3,156
2,98
6,243
6,144
3,232
1,48
3,159
1,119
4,57
1,146
2,58
2,133
2,88
2,86
4,37
2,53
5,48
3,257
3,108
1,37
5,44
2,151
2,122
5,56
6,46
6,93
1,208
2,106
1,99
2,93
2,72
3,163
2,5589
3,92
3,176
2,66
2,72
2,41
2,91
2,248
5,196
5,155
5,191
5,157
5,135
5,34
3,36
2,47
1,144
2,101
1,149
2,114
3,66
1,87
1,185
1,114
6,94
2,206
3,57
6,76
1,133
2,55
2,57
2,54
1,39
1,36
1,36
5,41
6,45
5,45
1,147
2,180
1,56
3,25
1,49
6,65
2,93
4,86
6,84
2,93
6,90
2,151
2,103
2,175
1,112
1,103
2,254
1,87
2,70
1,80
1,222
6,87
2,107
3,186
2,196
1,63
4,40
1,168
1,86
6,111
2,71
5,475
1,364
1,178
3,92
1,162
3,64
3,143
3,102
1,168
2,61
3,52
3,116
5,75
2,117
4,34
3,165
3,1070
6,84
5,163
5,75
1,77
1,78
2,64
2,66
2,66
2,442
3,35
2,119
2,81
6,102
6,101
5,59
4,102
6,66
1,54
3,226
2,62
3,47
5,429
2,320
2,92
5,54
2,721
2,377
2,377
1,162
2,105
2,110
2,126
2,102
2,91
6,84
3,79
1,50
1,122
2,94
1,109
1,557
6,56
3,126
1,74
4,75
3,42
5,121
2,80
5,302
1,163
1,61
2,102
6,80
1,85
1,41
1,152
2,59
2,83
1,301
1,84
2,70
2,72
3,110
2,67
2,79
1,63
6,137
3,162
1,57
1,127
3,128
6,107
3,55
2,106
3,229
3,54
1,71
3,60
2,121
2,135
2,126
1,179
2,46
1,104
2,53
1,75
1,79
5,177
2,68
1,151
1,98
2,149
4,116
1,155
3,42
6,152
6,159
6,198
6,220
6,248
6,165
3,80
2,106
1,486
1,460
2,108
1,105
1,87
2,100
3,73
1,67
1,173
3,116
4,40
3,311
3,246
1,99
4,69
2,203
1,53
6,95
2,80
3,101
3,246
1,39
1,96
5,72
3,141
6,40
2,150
6,37
6,148
2,163
2,83
2,89
6,108
2,60
5,65
5,91
3,115
1,24
5,53
3,80
1,78
6,139
2,57
1,291
5,47
2,94
6,64
6,124
2,44
1,102
5,162
3,67
3,234
5,109
1,134
2,78
3,50
3,91
3,96
1,275
5,42
1,165
5,64
4,89
1,56
2,77
2,68
2,103
3,61
1,123
5,57
1,77
2,67
3,60
2,251
6,444
2,124
1,24
3,109
1,40
1,85
4,85
2,77
3,45
4,43
1,40
2,97
3,223
1,151
1,87
1,112
2,44
2,86
5,83
1,72
3,62
6,39
1,341
3,256
6,42
3,20
2,95
2,185
1,144
3,115
1,61
3,125
3,128
1,62
2,55
6,95
1,134
1,111
1,114
1,139
6,92
1,97
1,84
2,51
2,48
2,81
1,70
2,71
6,52
2,187
1,102
3,115
5,94
2,293
3,50
2,214
1,205
2,206
6,103
2,202
2,221
2,200
2,107
3,82
1,107
3,21
4,68
1,182
2,98
3,383
3,70
1,56
1,53
1,53
3,46
3,48
3,48
1,189
3,54
2,108
2,150
3,81
2,179
2,141
3,960
2,229
1,106
5,25
3,104
1,207
3,123
6,126
3,123
2,1849
1,79
5,291
2,231
2,206
2,187
6,175
5,53
2,148
1,273
6,43
3,57
5,136
5,82
6,39
5,108
1,198
4,85
2,78
3,84
1,35
1,104
3,59
5,60
6,85
1,181
2,73
5,138
2,56
3,47
1,141
2,312
2,76
1,135
3,88
2,2306
1,178
5,87
4,65
1,73
3,183
1,275
2,198
1,77
2,121
2,69
2,286
2,47
6,134
6,227
3,88
5,102
1,157
1,44
3,34
5,104
6,96
2,65
3,64
2,221
3,44
2,105
6,138
1,129
1,170
6,89
3,93
3,33
1,120
5,99
5,260
6,67
2,202
1,42
3,56
3,44
3,112
1,71
2,213
5,145
5,96
3,55
1,185
2,92
3,35
3,56
2,105
1,109
2,72
4,66
3,51
3,86
3,58
3,45
3,50
3,44
3,74
2,38
4,69
1,211
1,200
1,117
2,65
2,67
4,125
1,98
1,93
2,129
4,239
6,41
1,190
1,168
3,71
2,125
2,119
1,359
3,182
1,61
1,150
3,79
2,140
1,216
2,99
2,140
6,86
5,147
1,156
1,61
3,155
3,99
3,113
3,90
3,65
3,143
3,117
3,110
3,103
3,110
3,126
3,104
3,101
3,134
3,111
3,60
3,106
3,102
3,159
3,59
3,103
2,41
3,140
3,124
3,95
3,57
3,100
6,109
3,152
3,99
3,94
1,210
3,123
3,102
3,96
3,113
3,99
3,90
3,109
3,100
3,65
2,141
1,201
1,110
1,115
2,92
4,80
5,129
3,44
2,81
3,519
1,101
2,98
1,144
3,49
2,139
6,138
2,68
3,307
3,65
1,608
5,160
3,84
1,344
6,171
4,74
4,59
4,38
2,259
3,71
3,81
1,179
1,96
1,105
1,126
5,80
1,112
1,151
2,118
2,114
2,122
3,54
6,82
5,101
6,47
3,213
6,178
3,64
2,282
5,60
5,202
2,78
2,29
2,60
3,49
1,85
2,120
5,51
2,83
5,127
2,37
2,106
2,55
2,81
5,106
2,145
3,82
2,76
4,50
3,178
1,117
3,73
1,160
6,106
4,91
3,60
3,70
3,43
5,59
5,171
2,39
2,111
1,168
1,170
5,97
2,109
1,157
2,68
2,89
2,99
2,57
3,61
2,94
2,59
1,155
2,88
2,136
1,73
2,36
3,45
3,247
1,274
1,260
3,56
3,45
2,57
5,59
3,38
3,46
3,66
1,87
1,75
2,81
1,95
1,72
3,42
2,78
3,53
1,167
2,89
2,73
6,71
5,125
5,234
2,79
2,89
1,184
3,47
1,32
2,109
2,53
3,116
3,48
3,46
1,155
5,94
2,58
3,106
1,332
5,107
3,114
5,63
1,118
2,99
3,56
3,62
3,60
4,72
5,115
5,197
2,120
2,77
1,82
2,134
3,154
3,100
5,63
1,96
3,52
2,60
5,372
6,130
1,49
2,60
3,80
2,35
1,323
1,57
2,79
2,83
3,45
5,234
3,56
2,107
3,47
3,49
3,69
3,53
4,66
2,98
4,52
1,169
3,44
3,124
1,106
1,188
2,121
3,43
3,48
4,67
1,74
4,72
5,473
2,110
5,123
1,128
3,82
4,63
1,127
2,190
3,70
3,162
6,235
3,508
2,103
2,134
2,286
3,49
3,39
6,50
2,68
5,47
5,39
5,38
5,36
4,38
1,46
6,61
2,855
2,148
2,35
2,45
2,33
2,101
2,56
1,42
5,51
1,98
2,119
3,79
2,109
2,174
1,85
1,129
1,87
3,84
2,86
2,44
2,52
2,54
2,93
2,83
1,262
6,48
1,101
2,167
2,102
2,107
6,141
1,213
2,64
3,62
2,88
6,301
1,71
1,98
6,61
6,106
2,54
5,401
3,34
2,61
1,202
1,76
1,64
2,137
5,49
2,100
6,63
2,104
5,94
5,102
6,60
2,113
5,101
2,116
1,143
1,316
2,49
5,98
5,53
5,71
5,44
5,57
5,84
5,71
3,209
5,132
4,90
6,71
2,9439
3,53
3,91
2,103
2,125
5,103
2,53
2,101
2,121
2,46
2,62
1,75
1,208
1,159
3,56
1,42
1,301
1,120
1,79
1,176
2,106
3,38
3,145
2,40
3,93
5,107
2,121
1,236
1,104
3,542
4,88
2,70
3,120
2,71
1,166
3,47
2,741
6,103
2,56
6,44
4,37
2,120
4,96
3,100
3,84
3,88
3,93
3,76
3,117
3,110
3,113
3,75
2,87
3,88
3,134
3,78
3,61
3,60
3,116
2,63
3,67
3,69
3,70
3,71
3,71
3,88
1,71
1,157
1,270
2,99
1,81
3,51
1,261
2,85
1,135
3,48
3,168
3,52
2,76
2,89
2,119
2,158
3,68
3,90
3,82
3,96
3,61
3,98
3,86
3,188
6,142
3,115
5,64
5,57
3,34
1,81
2,71
1,88
6,290
2,4505
3,51
2,101
2,280
2,280
2,282
1,275
2,91
1,234
5,75
1,59
1,116
6,109
5,34
2,48
2,94
3,44
3,70
2,74
3,48
3,49
3,80
5,64
4,26
3,103
5,31
3,44
2,59
2,61
1,55
2,74
1,160
2,125
2,90
1,75
6,108
6,117
6,135
6,105
6,62
6,101
6,104
6,100
6,268
6,116
3,51
4,62
3,47
3,52
3,38
1,153
3,74
1,112
2,130
3,34
2,148
3,46
3,52
3,66
4,76
1,76
1,75
3,83
1,38
2,176
1,236
5,91
2,79
2,8028
3,289
3,54
6,164
1,72
2,86
3,99
3,96
1,43
1,45
5,189
5,48
1,291
1,102
1,39
1,74
5,200
1,110
2,181
2,109
3,83
1,375
2,67
5,257
2,60
5,44
5,55
6,57
2,166
2,176
5,181
2,77
1,158
2,158
3,53
1,79
3,118
2,158
3,67
6,58
3,36
2,24
1,95
1,380
2,104
4,74
2,156
5,120
2,136
6,162
6,183
6,69
1,339
2,47
5,68
3,61
1,65
2,109
2,100
2,101
2,100
2,87
3,69
1,66
3,163
1,911
2,104
6,47
1,138
3,45
2,114
1,62
6,140
6,108
1,177
2,58
2,65
2,60
1,92
1,60
2,89
6,163
2,45
2,44
3,217
1,69
1,104
6,54
5,72
1,91
2,62
4,69
1,369
1,131
1,103
1,102
2,107
3,109
3,62
2,61
1,84
2,63
2,40
6,112
4,72
1,293
6,166
2,46
5,73
6,171
5,306
2,110
2,41
1,44
1,52
1,222
6,117
1,239
3,248
2,46
6,69
6,105
2,67
1,140
4,61
3,41
3,6797
2,77
2,91
2,86
3,344
4,147
6,95
3,107
6,97
3,95
6,151
2,256
2,514
3,109
5,111
3,177
2,102
2,56
2,136
2,56
2,103
3,37
3,35
6,85
2,103
2,39
2,160
2,86
2,85
1,34
1,59
6,110
6,117
6,146
3,111
6,128
1,72
3,35
1,95
3,93
3,80
2,81
1,175
1,140
3,49
1,169
3,52
1,162
3,48
2,56
1,141
1,71
1,84
1,37
1,169
1,115
3,50
1,122
1,86
1,114
1,188
1,174
2,110
2,53
6,152
3,137
2,76
6,184
3,183
1,73
4,79
3,115
1,53
5,167
5,84
5,48
5,168
2,66
1,76
2,59
2,381
1,90
2,83
6,69
3,45
3,34
2,82
3,183
1,125
3,120
6,154
6,128
6,232
3,52
2,766
6,69
3,44
1,214
1,42
3,67
1,162
3,122
2,71
2,67
2,66
2,187
6,126
1,160
1,328
3,50
3,138
2,93
3,47
2,51
2,98
3,48
6,116
3,105
3,60
2,96
3,122
3,196
1,228
2,139
3,43
3,40
3,52
3,40
3,42
3,43
4,43
6,93
2,106
3,49
1,146
1,373
3,63
6,48
3,38
3,41
3,41
3,41
6,73
3,97
1,145
2,82
5,282
3,45
1,108
3,38
2,77
6,119
2,465
2,144
2,143
2,124
5,49
5,37
5,58
6,94
5,217
6,197
2,99
3,56
1,252
3,104
1,220
2,62
3,54
1,42
2,62
2,183
4,84
1,150
3,39
5,169
1,137
1,39
3,130
6,227
6,105
1,245
1,112
1,35
5,146
2,978
2,100
2,101
5,93
2,105
2,47
1,61
1,66
1,76
3,52
3,57
1,80
1,103
6,52
6,74
6,63
6,54
5,65
1,161
2,74
4,45
5,83
3,46
2,84
1,147
1,72
5,45
2,146
3,74
1,43
2,66
3,45
2,346
2,50
4,69
2,47
3,48
3,50
3,65
1,261
1,36
1,129
3,102
6,137
3,56
3,60
5,126
2,101
5,33
3,87
3,119
3,72
3,61
3,60
3,88
6,49
6,49
1,519
5,163
5,163
4,102
3,52
2,126
1,2124
2,65
6,71
1,46
2,87
2,60
2,51
4,42
2,507
3,194
1,136
3,256
1,133
4,79
3,163
1,186
1,234
1,612
1,297
1,90
1,141
3,20
6,202
1,308
2,72
2,41
5,54
1,46
5,255
3,53
6,138
1,38
2,84
2,89
3,44
3,38
3,60
1,133
2,130
2,60
3,36
1,131
1,359
1,187
2,151
3,40
6,136
3,46
6,58
1,62
6,228
6,151
6,138
2,158
4,65
3,86
3,38
4,66
6,86
2,89
2,82
2,108
2,116
4,40
1,146
1,75
1,134
2,76
3,70
3,74
6,67
6,91
6,104
1,62
2,70
1,190
3,55
3,51
2,133
3,58
1,95
2,105
1,64
3,57
5,60
1,94
3,56
2,97
2,102
1,114
1,406
1,156
5,93
1,112
2,57
3,35
3,51
2,98
2,51
3,270
4,560
5,106
1,113
1,60
1,414
6,127
3,60
6,40
1,159
1,169
1,176
1,280
1,152
3,129
4,39
2,76
3,42
2,61
2,59
2,57
6,63
1,85
1,29
1,20
2,156
1,118
1,99
3,173
3,83
3,90
1,201
1,70
6,178
2,97
1,61
1,176
1,250
2,142
2,94
3,47
6,78
6,51
2,128
3,46
3,40
4,37
3,37
3,101
2,60
2,47
3,42
3,38
3,49
3,183
3,92
1,128
2,177
6,52
2,52
4,37
3,107
1,81
1,240
3,68
6,35
1,195
2,41
6,98
5,175
2,97
4,89
1,45
6,40
2,131
2,91
3,64
1,150
5,92
5,63
3,76
1,75
2,43
3,41
3,53
4,77
1,164
2,73
2,85
3,60
1,87
4,98
3,131
1,102
1,101
3,53
1,143
2,102
3,81
2,111
2,398
2,221
2,94
5,250
6,193
3,191
2,224
6,2525
1,62
1,39
2,85
1,146
2,67
1,86
1,158
2,109
6,78
3,88
6,67
4,39
3,68
2,74
1,287
1,101
2,107
5,65
1,51
3,39
3,36
6,574
2,111
2,77
1,212
1,223
2,62
1,131
1,55
1,67
2,70
1,131
1,85
1,71
2,56
3,47
2,102
2,141
1,216
4,85
6,183
2,112
1,56
5,100
1,44
1,147
3,30
3,207
3,127
5,117
3,93
6,77
5,101
2,161
3,135
5,120
6,115
3,211
6,107
6,75
6,83
3,161
6,149
1,377
1,98
1,101
2,110
1,217
2,135
2,77
6,73
2,126
6,111
4,87
6,128
1,78
2,74
3,176
1,153
6,194
1,59
1,102
1,39
6,41
1,483
1,96
1,66
1,111
6,54
5,70
5,82
5,87
2,74
1,251
1,64
6,34
4,47
2,151
6,51
1,198
2,72
3,93
3,76
3,74
1,93
2,35
3,74
3,78
5,48
5,140
2,62
2,91
3,185
6,56
2,74
2,67
3,171
2,78
1,62
1,60
1,65
1,66
6,88
2,58
5,64
1,55
5,118
6,82
3,45
5,35
5,92
6,73
6,74
1,108
2,73
2,61
2,58
2,58
5,201
3,93
2,73
4,24
1,148
1,102
3,142
1,496
1,184
3,151
1,94
2,405
3,122
2,82
2,254
5,107
5,96
5,208
5,131
5,194
1,273
5,83
6,56
1,67
1,233
5,81
1,103
2,129
2,132
1,182
6,67
1,241
4,69
1,109
2,178
6,139
1,93
4,67
2,69
2,83
1,269
1,94
5,163
1,73
5,127
1,51
1,45
1,125
1,71
2,90
1,45
2,86
2,91
2,88
1,108
2,121
2,53
1,64
1,158
2,405
2,96
5,48
3,179
2,78
1,51
2,33
2,55
1,54
1,102
5,41
1,212
3,65
3,69
1,494
2,410
2,535
1,62
1,219
6,152
3,62
5,31
6,26
3,282
1,186
2,1498
2,96
1,254
2,94
2,111
3,212
2,80
1,72
3,132
6,68
2,124
2,177
2,150
6,197
3,55
3,42
3,71
3,25
3,187
2,97
2,77
3,62
2,76
5,38
3,49
3,40
1,57
3,21
5,66
2,47
3,54
6,107
1,160
6,42
2,22
5,99
6,94
5,155
2,61
6,50
3,162
4,82
6,116
3,161
3,207
1,103
1,153
1,50
3,53
6,57
2,89
3,113
2,198
6,244
3,65
1,213
4,67
2,56
2,85
2,86
3,152
1,93
2,31
3,169
2,77
4,55
1,151
2,86
2,85
6,67
5,65
5,52
2,37
2,36
5,114
2,110
5,77
5,144
1,152
3,85
2,65
4,73
3,161
1,369
3,35
6,66
5,188
3,47
1,92
6,24
1,165
1,87
1,105
2,58
2,87
2,90
2,78
1,110
3,69
1,75
2,66
1,103
3,79
3,122
2,37
3,137
1,165
1,145
1,124
3,85
1,69
2,86
2,68
5,73
3,122
1,68
6,106
3,55
3,67
5,104
1,163
1,103
5,149
3,252
2,32
1,114
3,45
3,137
2,120
3,155
3,158
4,45
1,48
5,57
1,44
6,185
2,45
2,73
5,104
2,51
1,65
2,90
5,43
3,130
6,149
4,46
2,55
3,92
3,84
3,358
6,82
3,52
1,188
1,125
3,38
3,43
3,49
3,37
1,189
2,90
1,114
3,49
1,94
2,80
6,64
1,246
5,704
5,81
3,75
3,42
2,55
1,251
5,97
1,130
1,143
1,235
6,47
2,452
2,622
2,881
6,159
3,161
4,74
1,116
1,50
3,45
1,72
1,166
1,123
4,88
2,106
3,38
2,70
3,53
3,39
6,68
2,88
4,68
2,68
2,62
4,116
2,55
2,51
3,64
6,74
6,85
2,76
6,70
2,75
3,72
2,73
2,80
2,124
2,76
2,73
2,132
2,71
2,87
2,68
2,74
2,82
2,66
2,71
2,72
2,85
2,106
2,83
6,67
6,69
2,121
2,70
6,66
2,80
2,113
2,89
2,85
6,88
2,88
2,93
2,126
2,120
2,72
2,83
3,66
3,76
2,74
2,73
2,97
2,73
2,115
2,107
2,81
2,77
2,87
2,113
2,73
2,130
2,107
2,73
2,104
2,74
2,87
2,75
6,63
2,117
1,101
1,86
2,41
1,214
2,65
3,110
3,52
3,46
1,98
4,40
1,151
1,171
2,109
1,47
4,71
2,68
3,81
3,96
3,141
3,310
6,102
2,108
4,68
6,83
6,40
1,113
1,116
2,92
1,315
1,203
6,44
1,228
6,44
6,46
6,158
2,13
2,126
6,86
1,217
6,72
1,108
4,91
6,69
6,91
1,158
2,123
3,161
3,130
2,63
5,260
6,64
2,80
1,187
1,147
4,70
1,12
1,104
4,41
5,44
3,59
6,99
3,45
2,83
3,44
2,72
3,51
2,92
3,44
1,124
2,73
2,93
3,79
3,99
3,104
2,13
6,109
2,110
2,208
5,63
5,85
6,131
1,156
1,38
1,40
2,161
1,207
1,187
3,56
1,212
6,130
3,50
6,65
2,63
4,75
6,88
2,1167
1,76
2,50
2,113
3,118
3,72
1,77
2,168
5,75
1,43
3,72
2,89
1,32
2,82
3,20
3,1602
3,158
4,79
2,271
3,52
3,47
4,57
6,165
4,78
2,135
2,60
1,88
6,42
3,86
3,34
4,83
2,67
1,137
6,90
3,340
2,280
5,69
1,84
1,78
2,140
3,146
3,162
2,200
1,90
1,57
1,216
5,195
2,148
2,122
6,74
1,76
2,93
2,195
1,58
2,127
2,84
2,188
2,65
1,313
2,115
3,59
5,188
4,42
3,69
6,83
2,76
1,72
1,76
3,38
3,44
2,42
2,394
2,41
2,224
2,64
3,71
3,97
6,60
3,44
1,37
3,50
5,59
2,95
2,29
2,87
6,45
6,133
1,125
1,40
3,52
1,63
1,95
3,126
1,120
5,85
3,185
4,91
2,52
3,63
4,103
5,127
6,92
1,255
6,91
2,61
1,303
2,97
6,129
4,83
1,164
2,61
6,132
1,96
5,115
5,73
1,189
2,81
3,133
2,130
2,39
4,86
3,37
6,39
1,149
2,70
2,46
1,89
2,120
2,107
3,181
6,39
2,61
2,50
2,57
1,67
2,89
3,176
6,57
3,152
1,265
1,154
2,276
6,106
1,229
5,70
1,138
1,122
2,84
1,70
6,78
3,122
3,68
1,144
2,63
2,57
2,61
1,143
1,32
3,100
2,42
2,36
1,102
2,71
6,62
2,133
2,277
3,123
1,181
2,118
6,93
3,147
5,75
1,92
2,78
2,79
3,32
6,90
2,37
6,53
1,35
1,300
1,52
2,94
2,106
2,71
1,141
5,41
5,72
4,83
3,33
6,125
2,80
5,54
5,60
3,89
3,55
3,867
3,37
2,298
3,177
1,67
1,90
6,69
6,77
2,97
3,66
2,69
3,75
6,108
1,30
1,28
6,62
6,102
6,138
2,123
4,59
1,90
2,95
2,200
2,302
1,95
1,158
1,171
3,62
5,37
1,38
4,74
1,57
2,15
5,74
1,209
1,86
1,69
1,64
2,94
3,42
6,112
4,76
4,55
3,71
5,323
3,56
1,196
1,86
2,130
4,104
5,49
4,117
1,42
6,34
5,163
2,56
4,60
1,260
6,63
1,72
6,90
1,145
5,121
1,54
1,199
6,77
5,372
5,100
2,248
2,184
1,72
2,143
2,103
2,152
2,103
1,89
1,252
2,134
1,45
5,50
1,45
1,39
1,35
1,35
1,35
2,40
1,36
2,50
2,94
2,45
2,43
2,51
3,34
3,255
6,88
3,53
1,149
1,292
2,112
6,67
4,97
3,56
3,40
6,89
3,74
3,68
1,74
1,38
5,59
3,110
6,36
1,163
1,109
2,87
1,369
3,36
5,30
4,82
6,208
6,144
1,141
5,69
5,85
5,276
4,55
1,93
1,53
5,61
6,61
6,69
3,83
3,150
1,62
5,78
5,47
2,46
3,45
3,42
1,88
6,60
1,153
1,184
2,94
1,102
2,74
1,85
4,75
5,86
2,125
2,51
4,40
2,62
2,130
2,35
1,116
2,66
3,53
2,65
1,160
3,43
3,307
2,79
6,153
5,55
4,66
3,35
3,101
1,103
1,242
1,93
2,60
1,109
2,542
3,531
5,180
2,1859
2,73
1,152
2,207
5,46
5,62
1,181
1,137
1,284
1,76
1,135
1,66
6,57
1,67
5,386
1,172
5,60
3,78
3,76
3,125
5,86
1,109
2,85
2,78
1,172
3,50
3,76
1,120
1,13383
1,90706
1,170054
1,46892
1,54069
1,45127
1,12022
1,22890
2,50944
1,12406
1,20776
1,15465
1,12653
1,9037
1,14017
1,9854
2,32041
1,23398
1,20941
1,8449
1,13463
1,11661
1,7716
1,13008
1,9939
1,5098
1,9867
1,12012
1,1687
1,7403
5,147
1,1648
1,515
6,3303
3,7013
2,1416
2,1860
3,2549
1,931
1,6943
1,1953
2,2290
2,3251
3,8350
1,6737
2,15181
1,108
1,5678
2,2069
2,1861
2,142
1,1036
1,442
3,713
1,2479
1,3999
5,2306
2,151
5,70
3,3156
1,240
1,6252
2,1997
1,5363
2,6529
2,172
2,1466
1,3317
1,797
2,66600
2,16446
6,5005
2,7373
1,208
1,258
1,2127
1,4139
6,751
1,19
2,133
1,2462
2,1022
2,5
3,1370
2,12529
2,890
1,1408
3,2673
3,3857
1,2670
1,909
2,4186
3,292
1,872
1,1984
1,503
1,1659
1,995
1,698
2,64
1,572
2,286
1,319
2,620
3,2607
2,27504
1,5765
2,8961
2,8986
2,15817
2,20335
1,3628
3,414
5,162
2,785
2,4772
2,13884
1,1766
1,173
1,2216
1,245
2,1186
5,2040
1,149
1,1783
3,10823
1,233
1,55
1,2181
1,1335
1,1616
1,1716
3,5179
2,16008
1,1262
2,5207
2,370
1,4037
1,4558
1,4174
1,219
1,1286
1,1295
1,2076
1,416
1,1465
1,6809
1,1880
1,1556
1,43
2,23
1,20953
1,3165
1,8585
1,251
1,4496
1,2504
2,10668
3,5210
1,6474
1,10848
2,51
6,610
1,359
1,242
1,107
2,36
5,75
3,4481
2,19813
3,1060
1,1303
1,843
2,531
1,5934
3,2058
1,4305
3,649
1,381
5,381
1,1838
1,6652
2,237
2,169
1,2593
1,4439
6,2294
2,160
3,14342
3,8510
3,6940
3,9825
3,12270
3,20316
3,14925
3,6158
3,5099
3,31195
3,9650
3,7713
3,2811
3,6648
3,6866
3,10450
3,7672
3,23605
3,14076
3,2322
3,14138
3,4447
3,8649
3,7685
3,24288
3,20964
3,11206
3,23730
3,7634
3,3836
3,6680
3,2600
3,3515
3,5320
3,8450
3,7256
3,8854
3,9654
3,8112
3,7218
2,6599
3,3259
3,3189
3,8884
3,4447
3,3348
3,5950
3,3921
3,5163
3,24223
3,4748
3,5036
3,4433
3,2453
3,3965
3,4954
3,6420
3,6991
3,8614
3,2962
3,2935
3,9633
3,11055
3,5600
3,4566
3,7234
3,2636
3,4430
3,7709
3,5018
3,4210
3,5091
3,3475
6,3597
3,2891
3,5384
3,7314
3,4762
3,1663
3,4286
3,4719
3,2561
3,4007
3,6096
3,2967
3,5068
3,3727
3,4230
3,4124
6,2815
3,4175
3,7244
3,7086
3,6171
3,3316
3,7882
3,3659
3,2254
3,7929
3,6423
3,1964
3,5625
3,3815
6,2441
3,17362
3,2045
3,27518
3,5108
3,2361
3,3541
3,4132
3,3853
3,2695
3,3843
3,15917
3,3528
3,5445
3,30628
3,4344
3,5039
3,7603
3,2362
3,7484
3,15885
3,3877
3,2601
3,7889
3,7713
3,15269
3,3579
3,11680
3,4115
3,6101
3,2713
3,8152
3,17943
3,10176
3,7712
3,2889
3,14097
3,5508
3,2550
3,4777
3,3054
3,4127
3,3000
3,11092
3,4310
3,2898
3,3505
3,1247
3,2846
3,3780
3,2364
3,4072
3,939
3,4873
3,4313
3,5080
3,3890
3,6951
3,2714
3,14478
3,6742
3,1927
3,1930
3,4931
3,16527
3,6007
3,3338
3,31309
3,4965
3,920
3,4850
3,5152
3,2211
3,1400
3,2330
3,4758
3,7095
3,3017
3,2393
3,1771
3,3040
3,3613
3,3817
3,2057
3,3782
3,2633
3,6495
3,2938
3,1808
3,17437
3,5207
3,1804
3,2571
3,9395
3,3587
3,7713
3,607
3,2178
3,3390
3,2072
3,3010
3,2465
3,3466
3,3285
3,1307
3,3914
3,2729
3,2159
3,4458
3,2321
3,2143
3,2579
3,2068
3,3367
3,6564
3,4926
3,2324
3,4491
3,4538
3,3536
3,3898
3,1059
3,3965
3,3512
3,9174
3,4229
6,2220
3,3092
3,4567
3,2659
3,2756
3,2530
3,2521
3,1990
3,1180
3,3287
3,9076
3,6706
3,6162
3,2640
3,1345
3,14651
3,3023
3,2430
3,6250
3,2720
3,1953
3,2864
3,4334
3,2568
3,5400
3,2634
3,1934
3,2958
3,2586
3,3419
3,3844
3,4577
3,3126
3,27941
3,6383
3,3954
3,6574
3,3323
3,3054
3,3044
3,2089
3,1711
3,5082
3,2345
3,2247
3,3594
6,7393
3,8792
3,1944
3,4755
3,4247
3,3600
3,4437
3,2254
3,2273
3,3437
3,7117
3,2745
3,2444
3,2060
3,6824
3,2735
3,2005
3,4631
3,2717
3,3237
3,1563
3,3499
3,2948
3,5247
3,2696
3,5952
3,4348
3,2307
3,2680
3,3483
3,1745
3,2051
3,2188
3,1648
3,3006
3,3107
3,2099
3,2156
3,6387
3,2350
3,2150
3,1859
3,3907
3,2563
3,1843
3,4042
3,2887
3,2791
3,2886
3,5641
3,3991
3,1325
3,1786
3,2777
3,2754
3,2954
3,3463
3,2445
3,2163
3,3603
3,2528
3,481
3,2684
3,2295
3,2261
3,2865
3,2654
3,2928
3,27367
3,2194
3,3816
3,2189
3,1786
6,860
3,3770
3,3957
3,2345
3,2878
3,1615
3,5847
3,2552
3,2589
3,4978
3,1402
3,1729
3,2754
3,5710
3,3302
3,3122
3,2651
3,2551
3,2171
3,6061
3,2603
3,2481
3,4881
3,2572
3,2115
3,2684
3,2024
3,2217
3,3853
6,415
3,902
3,4874
3,1613
3,1821
3,1885
3,2209
3,2863
3,3056
3,1970
3,12922
3,3813
3,3363
3,2438
3,2722
3,3292
3,2241
3,3165
3,1737
3,2103
3,3258
3,5071
3,1420
3,2071
3,2710
3,1777
3,1819
3,2005
3,1883
3,2327
3,1916
3,3280
3,2918
3,3176
3,28620
3,1864
3,2570
3,4372
3,3537
3,1775
3,3422
3,2918
3,6547
3,2331
6,1285
3,2552
3,5863
3,1542
3,2349
3,2300
3,2486
3,2831
3,1430
3,1387
3,2179
3,1800
3,1958
3,1974
3,6890
3,1981
3,2708
3,2830
3,1529
3,2374
3,2489
3,2930
3,1566
3,3942
3,1690
6,2258
3,37519
3,2588
3,3966
3,2867
3,2189
3,2704
3,2748
3,2600
3,2381
3,2727
3,1854
3,1585
3,2594
3,2673
3,1895
6,1342
3,532
3,2029
3,414
3,2372
3,2383
3,6172
3,1408
3,2772
3,2208
3,2825
3,4289
3,2646
3,2197
3,2459
3,2946
3,1492
3,2124
6,983
3,1506
3,2478
3,2890
3,2741
2,2545
3,2049
3,1832
3,1453
3,1628
3,1934
3,1911
3,1974
3,3025
3,2175
3,2181
3,1947
3,3250
3,3034
3,2457
3,3252
3,1526
3,1019
3,2702
3,2104
3,2121
3,5597
3,4425
3,2022
3,2150
3,3755
3,1760
3,1433
3,1914
3,2239
3,2429
3,2294
3,2863
3,1171
3,2227
3,1396
3,2298
3,1959
3,3467
3,1439
3,1316
3,3516
3,4893
3,3720
3,2589
3,2808
3,1278
3,1838
3,717
3,2785
3,2808
3,2187
3,1391
3,2286
3,1242
6,1125
3,2177
2,1830
3,2678
3,2004
3,4477
3,1945
3,3297
3,1707
3,2275
3,2070
3,2599
3,3706
3,1507
3,1539
3,1222
3,1586
3,1358
3,17805
3,1923
3,1573
3,1578
3,2153
3,1796
3,3539
3,2335
3,1930
3,2647
3,2185
3,2016
3,1839
3,1397
3,1069
3,841
3,1254
3,1570
3,2739
3,1487
3,1065
6,6179
3,3932
3,2476
3,3060
3,1572
3,676
3,2185
3,3670
3,2401
3,2338
3,2730
3,1832
3,1381
3,1522
3,2787
3,514
3,1915
3,2068
3,2014
3,1156
3,642
3,1307
3,1442
3,1433
3,2054
3,2111
3,1523
3,1258
3,1106
3,2108
6,6874
3,3195
3,1489
3,875
3,3321
3,1873
2,1394
3,1175
3,2446
3,1394
3,1072
3,1539
3,375
3,1921
3,1789
3,776
3,2453
3,1558
3,1807
3,2164
3,1224
3,2195
3,3602
3,1925
3,1818
3,3466
3,3577
3,1135
3,1270
3,1736
3,2548
3,2050
3,1748
3,2532
3,2261
3,1274
3,6411
3,3821
3,2856
3,1625
3,2311
3,1027
3,2672
3,1059
3,1700
3,1388
3,1278
3,1387
3,1689
6,506
3,1855
3,2705
3,1628
3,2313
3,1924
3,1173
3,1818
3,1841
3,1201
3,3736
3,1313
3,1084
3,2038
3,1904
3,5082
3,1944
3,1419
3,1363
3,1383
3,521
3,818
3,3395
2,1709
3,1594
3,1721
3,785
3,2521
3,1973
3,1388
3,2377
3,2646
3,933
3,329
3,2079
3,1015
3,1008
3,1273
3,1312
3,2214
3,3958
3,1186
6,958
3,1065
3,2912
3,1771
3,2503
3,2971
5,4388
3,1487
3,1724
3,9478
3,1723
3,1943
3,1176
3,1480
3,2982
3,1923
3,7240
3,1169
3,887
3,1368
3,1403
6,648
3,543
3,1756
3,2437
3,1073
3,2277
3,2487
3,4098
3,1806
3,874
3,1736
3,679
3,1320
3,1527
3,2457
3,1684
3,882
3,1657
3,826
3,1638
3,846
3,1958
3,1127
3,1791
3,767
3,1144
3,2402
3,9980
3,1047
3,2238
3,848
3,1980
3,1478
3,888
3,291
3,693
3,1670
3,2317
3,1123
3,288
3,434
3,1194
3,2209
3,1942
3,694
3,1015
3,952
3,1589
3,1594
3,965
3,1190
3,1393
3,988
3,2004
3,1327
3,1253
3,730
3,1361
6,1181
3,954
3,603
3,688
3,1165
3,1392
3,1210
3,642
3,1442
3,3281
3,1028
3,584
3,1902
3,1696
3,1341
3,825
3,1058
3,897
3,1363
3,1360
3,1218
3,906
3,456
3,1034
3,1228
3,928
3,1505
3,2028
3,1547
3,1114
3,1356
3,715
3,776
3,357
3,768
3,1494
3,385
3,1624
3,739
3,1017
3,4369
3,1049
3,827
3,1137
3,237
3,1294
6,4060
3,1269
3,1017
3,450
3,1581
3,2075
3,3047
3,888
3,1144
3,1082
3,1305
3,1091
3,272
3,1745
3,951
3,695
3,1226
3,902
3,744
3,2226
3,852
3,922
3,751
3,1445
3,1101
3,250
3,1151
3,316
3,1445
3,1183
3,451
3,958
3,9820
3,946
3,1106
3,1922
3,1825
3,1220
3,930
3,1176
3,185
3,1046
3,1539
6,943
3,1321
3,789
3,1976
3,890
3,608
3,678
3,1310
3,430
3,283
3,927
3,1413
3,1546
3,860
3,204
3,737
3,716
3,1138
3,1232
3,380
3,1341
3,2121
3,1540
3,698
3,4981
3,487
3,1628
3,1273
3,627
3,1165
3,1025
3,1498
3,1549
3,3072
3,607
3,345
3,409
3,443
3,1461
3,238
3,772
3,462
3,578
3,1049
3,925
3,582
3,5247
3,2943
6,395
3,1549
3,491
3,646
3,1326
5,787
3,663
3,637
3,535
3,667
3,362
3,289
3,751
3,2042
3,946
3,253
3,2202
3,270
3,384
3,345
3,1262
3,1410
3,1071
3,739
3,1040
3,1729
3,1165
3,634
3,1005
3,1798
3,654
3,449
3,542
3,1298
3,1308
3,778
3,445
3,932
3,1732
3,893
3,721
3,636
3,2325
3,1072
3,830
3,616
3,531
3,249
3,1003
3,415
3,1443
3,1068
6,1375
3,1166
3,13711
3,840
3,459
3,762
3,3322
3,562
3,1149
3,1430
3,1195
3,4559
3,909
3,966
3,1419
3,248
3,1006
3,721
3,487
3,704
3,1184
3,1073
3,844
3,290
3,747
3,371
3,862
3,854
6,5191
3,281
3,1048
3,945
3,499
3,1445
3,1152
3,1453
3,401
3,709
3,1661
3,532
3,567
3,590
3,411
3,858
3,299
3,647
3,787
3,257
3,841
3,1710
3,656
3,416
3,360
3,1099
3,1364
3,444
3,386
3,365
3,845
3,563
3,1158
3,272
3,268
3,1325
3,292
3,1686
3,733
3,1483
3,901
3,1712
3,713
3,556
3,267
3,745
3,480
3,605
3,228
3,838
3,1092
3,4732
3,891
3,712
3,614
3,2413
3,883
3,661
3,1484
3,1091
3,418
3,1062
3,943
6,488
3,359
3,252
3,251
3,798
3,304
3,1013
3,3374
3,580
3,410
3,323
3,1075
3,345
3,395
3,522
3,417
3,778
3,4550
3,204
3,2350
3,583
3,5551
3,238
3,29463
3,480
3,495
3,1487
3,27411
5,223
3,393
3,439
3,57355
3,517
3,460
3,303
3,955
3,269
3,1081
3,697
3,835
3,332
3,1060
3,315
3,503
3,214
3,235
3,652
3,652
3,525
3,340
3,201
3,552
3,439
3,457
3,616
3,608
3,484
3,657
2,337
3,442
3,945
3,779
3,934
3,214
3,213
3,161
3,159
3,144
3,126
3,172
3,331
2,129
3,306
3,68
3,179
3,112
6,254
3,205
3,262
3,174
3,111
3,164
3,147
3,240
3,186
3,146
3,392
3,108
3,66
3,176
3,138
3,79
3,240
3,221
3,195
3,112
3,118
3,485
3,148
3,201
3,166
3,211
3,183
3,219
3,175
2,142
